-- MySQL dump 10.13  Distrib 5.6.12, for Mac OS X
--
-- Host: localhost    Database: is480-scheduling
-- ------------------------------------------------------
-- Server version	5.6.12-log

/*!40101 SET @OLD_CHARACTER_SET_CLIENT=@@CHARACTER_SET_CLIENT */;
/*!40101 SET @OLD_CHARACTER_SET_RESULTS=@@CHARACTER_SET_RESULTS */;
/*!40101 SET @OLD_COLLATION_CONNECTION=@@COLLATION_CONNECTION */;
/*!40101 SET NAMES utf8 */;
/*!40103 SET @OLD_TIME_ZONE=@@TIME_ZONE */;
/*!40103 SET TIME_ZONE='+00:00' */;
/*!40014 SET @OLD_UNIQUE_CHECKS=@@UNIQUE_CHECKS, UNIQUE_CHECKS=0 */;
/*!40014 SET @OLD_FOREIGN_KEY_CHECKS=@@FOREIGN_KEY_CHECKS, FOREIGN_KEY_CHECKS=0 */;
/*!40101 SET @OLD_SQL_MODE=@@SQL_MODE, SQL_MODE='NO_AUTO_VALUE_ON_ZERO' */;
/*!40111 SET @OLD_SQL_NOTES=@@SQL_NOTES, SQL_NOTES=0 */;

--
-- Table structure for table `Booking`
--

DROP TABLE IF EXISTS `Booking`;
/*!40101 SET @saved_cs_client     = @@character_set_client */;
/*!40101 SET character_set_client = utf8 */;
CREATE TABLE `Booking` (
  `id` bigint(20) NOT NULL AUTO_INCREMENT,
  `bookingStatus` int(11) DEFAULT NULL,
  `createdAt` datetime DEFAULT NULL,
  `lastEditedAt` datetime DEFAULT NULL,
  `lastEditedBy` varchar(255) DEFAULT NULL,
  `optionalAttendees` longblob,
  `rejectReason` varchar(255) DEFAULT NULL,
  `responseList` longblob,
  `team_id` bigint(20) DEFAULT NULL,
  `timeslot_id` bigint(20) DEFAULT NULL,
  PRIMARY KEY (`id`),
  KEY `FK_40axgbgry7y9gp7yw4uir9nsi` (`team_id`),
  KEY `FK_hetpmxc48x51ssox8s9kmw2j8` (`timeslot_id`),
  CONSTRAINT `FK_hetpmxc48x51ssox8s9kmw2j8` FOREIGN KEY (`timeslot_id`) REFERENCES `Timeslot` (`id`),
  CONSTRAINT `FK_40axgbgry7y9gp7yw4uir9nsi` FOREIGN KEY (`team_id`) REFERENCES `Team` (`id`)
) ENGINE=InnoDB AUTO_INCREMENT=86 DEFAULT CHARSET=latin1;
/*!40101 SET character_set_client = @saved_cs_client */;

--
-- Dumping data for table `Booking`
--

LOCK TABLES `Booking` WRITE;
/*!40000 ALTER TABLE `Booking` DISABLE KEYS */;
INSERT INTO `Booking` VALUES (1,2,'2013-09-27 15:00:16','2013-09-30 03:00:00','IS480 Scheduling System',0xACED0005737200116A6176612E7574696C2E48617368536574BA44859596B8B7340300007870770C000000103F4000000000000078,'Faculty response overdue. Releasing timeslot.',0xACED0005737200116A6176612E7574696C2E486173684D61700507DAC1C31660D103000246000A6C6F6164466163746F724900097468726573686F6C6478703F4000000000000C77080000001000000001737200126D6F64656C2E726F6C652E466163756C747900000000000000010200024C00107265717569726564426F6F6B696E677374000F4C6A6176612F7574696C2F5365743B4C0014756E617661696C61626C6554696D65736C6F747371007E00037872000A6D6F64656C2E5573657200000000000000010200064C000866756C6C4E616D657400124C6A6176612F6C616E672F537472696E673B4C000269647400104C6A6176612F6C616E672F4C6F6E673B4C000C6D6F62696C654E756D62657271007E00054C0004726F6C6574000F4C636F6E7374616E742F526F6C653B4C00047465726D74000C4C6D6F64656C2F5465726D3B4C0008757365726E616D6571007E0005787074000D416C616E204D4547415247454C7372000E6A6176612E6C616E672E4C6F6E673B8BE490CC8F23DF0200014A000576616C7565787200106A6176612E6C616E672E4E756D62657286AC951D0B94E08B02000078700000000000000043707E72000D636F6E7374616E742E526F6C6500000000000000001200007872000E6A6176612E6C616E672E456E756D00000000000000001200007870740007464143554C54597372000A6D6F64656C2E5465726D000000000000000102000549000C61636164656D6963596561724C000B646973706C61794E616D6571007E00054C0002696471007E00064C000A6D696C6573746F6E657371007E00034C000873656D657374657271007E00057870000007DD74000E323031332D3134205465726D20327371007E000B00000000000000027372002F6F72672E68696265726E6174652E636F6C6C656374696F6E2E696E7465726E616C2E50657273697374656E7453657486E4FDA1F2EEE0AF0200014C000373657471007E00037872003E6F72672E68696265726E6174652E636F6C6C656374696F6E2E696E7465726E616C2E416273747261637450657273697374656E74436F6C6C656374696F6E9B8CA200603B4E5502000949000A63616368656453697A655A000564697274795A000B696E697469616C697A65645A000D737065636A4C617A794C6F61644C00036B65797400164C6A6176612F696F2F53657269616C697A61626C653B4C00056F776E65727400124C6A6176612F6C616E672F4F626A6563743B4C0004726F6C6571007E00054C001273657373696F6E466163746F72795575696471007E00054C000E73746F726564536E617073686F7471007E00187870FFFFFFFF00000071007E001571007E00137400156D6F64656C2E5465726D2E6D696C6573746F6E65737070707400065465726D203274000C616C616E6D6567617267656C7371007E0016FFFFFFFF00000071007E000D71007E00097400236D6F64656C2E726F6C652E466163756C74792E7265717569726564426F6F6B696E67737070707371007E0016FFFFFFFF00000071007E000D71007E00097400276D6F64656C2E726F6C652E466163756C74792E756E617661696C61626C6554696D65736C6F74737070707E720011636F6E7374616E742E526573706F6E736500000000000000001200007871007E000F74000750454E44494E4778,11,286),(2,2,'2013-09-28 13:42:34','2013-09-30 12:00:57','JIANG Lingxiao',0xACED0005737200116A6176612E7574696C2E48617368536574BA44859596B8B7340300007870770C000000103F400000000000057400166B722E74616E2E3230313140736D752E6564752E736774001B7175616E68656E676C696D2E3230313140736D752E6564752E7367740018776C2E6368756E672E3230313140736D752E6564752E73677400176A656E2E6C6F772E3230313140736D752E6564752E736774001B706561726C796E2E6E656F2E3230313040736D752E6564752E736778,'Can you move to Nov 7th (Thursday), either 3pm or 4pm? ',0xACED0005737200116A6176612E7574696C2E486173684D61700507DAC1C31660D103000246000A6C6F6164466163746F724900097468726573686F6C6478703F4000000000000C77080000001000000001737200126D6F64656C2E726F6C652E466163756C747900000000000000010200024C00107265717569726564426F6F6B696E677374000F4C6A6176612F7574696C2F5365743B4C0014756E617661696C61626C6554696D65736C6F747371007E00037872000A6D6F64656C2E5573657200000000000000010200064C000866756C6C4E616D657400124C6A6176612F6C616E672F537472696E673B4C000269647400104C6A6176612F6C616E672F4C6F6E673B4C000C6D6F62696C654E756D62657271007E00054C0004726F6C6574000F4C636F6E7374616E742F526F6C653B4C00047465726D74000C4C6D6F64656C2F5465726D3B4C0008757365726E616D6571007E0005787074000E4A49414E47204C696E677869616F7372000E6A6176612E6C616E672E4C6F6E673B8BE490CC8F23DF0200014A000576616C7565787200106A6176612E6C616E672E4E756D62657286AC951D0B94E08B02000078700000000000000047707E72000D636F6E7374616E742E526F6C6500000000000000001200007872000E6A6176612E6C616E672E456E756D00000000000000001200007870740007464143554C54597372000A6D6F64656C2E5465726D000000000000000102000549000C61636164656D6963596561724C000B646973706C61794E616D6571007E00054C0002696471007E00064C000A6D696C6573746F6E657371007E00034C000873656D657374657271007E00057870000007DD74000E323031332D3134205465726D20327371007E000B00000000000000027372002F6F72672E68696265726E6174652E636F6C6C656374696F6E2E696E7465726E616C2E50657273697374656E7453657486E4FDA1F2EEE0AF0200014C000373657471007E00037872003E6F72672E68696265726E6174652E636F6C6C656374696F6E2E696E7465726E616C2E416273747261637450657273697374656E74436F6C6C656374696F6E9B8CA200603B4E5502000949000A63616368656453697A655A000564697274795A000B696E697469616C697A65645A000D737065636A4C617A794C6F61644C00036B65797400164C6A6176612F696F2F53657269616C697A61626C653B4C00056F776E65727400124C6A6176612F6C616E672F4F626A6563743B4C0004726F6C6571007E00054C001273657373696F6E466163746F72795575696471007E00054C000E73746F726564536E617073686F7471007E00187870FFFFFFFF00000071007E001571007E00137400156D6F64656C2E5465726D2E6D696C6573746F6E65737070707400065465726D20327400076C786A69616E677371007E0016FFFFFFFF00000071007E000D71007E00097400236D6F64656C2E726F6C652E466163756C74792E7265717569726564426F6F6B696E67737070707371007E0016FFFFFFFF00000071007E000D71007E00097400276D6F64656C2E726F6C652E466163756C74792E756E617661696C61626C6554696D65736C6F74737070707E720011636F6E7374616E742E526573706F6E736500000000000000001200007871007E000F74000852454A454354454478,26,370),(3,1,'2013-09-30 11:49:17','2013-10-10 14:21:17','Fiona LEE',0xACED0005737200116A6176612E7574696C2E48617368536574BA44859596B8B7340300007870770C000000103F4000000000000078,NULL,0xACED0005737200116A6176612E7574696C2E486173684D61700507DAC1C31660D103000246000A6C6F6164466163746F724900097468726573686F6C6478703F4000000000000C77080000001000000001737200126D6F64656C2E726F6C652E466163756C747900000000000000010200024C00107265717569726564426F6F6B696E677374000F4C6A6176612F7574696C2F5365743B4C0014756E617661696C61626C6554696D65736C6F747371007E00037872000A6D6F64656C2E5573657200000000000000010200064C000866756C6C4E616D657400124C6A6176612F6C616E672F537472696E673B4C000269647400104C6A6176612F6C616E672F4C6F6E673B4C000C6D6F62696C654E756D62657271007E00054C0004726F6C6574000F4C636F6E7374616E742F526F6C653B4C00047465726D74000C4C6D6F64656C2F5465726D3B4C0008757365726E616D6571007E0005787074000D416C616E204D4547415247454C7372000E6A6176612E6C616E672E4C6F6E673B8BE490CC8F23DF0200014A000576616C7565787200106A6176612E6C616E672E4E756D62657286AC951D0B94E08B02000078700000000000000043707E72000D636F6E7374616E742E526F6C6500000000000000001200007872000E6A6176612E6C616E672E456E756D00000000000000001200007870740007464143554C54597372000A6D6F64656C2E5465726D000000000000000102000549000C61636164656D6963596561724C000B646973706C61794E616D6571007E00054C0002696471007E00064C000A6D696C6573746F6E657371007E00034C000873656D657374657271007E00057870000007DD74000E323031332D3134205465726D20327371007E000B00000000000000027372002F6F72672E68696265726E6174652E636F6C6C656374696F6E2E696E7465726E616C2E50657273697374656E7453657486E4FDA1F2EEE0AF0200014C000373657471007E00037872003E6F72672E68696265726E6174652E636F6C6C656374696F6E2E696E7465726E616C2E416273747261637450657273697374656E74436F6C6C656374696F6E9B8CA200603B4E5502000949000A63616368656453697A655A000564697274795A000B696E697469616C697A65645A000D737065636A4C617A794C6F61644C00036B65797400164C6A6176612F696F2F53657269616C697A61626C653B4C00056F776E65727400124C6A6176612F6C616E672F4F626A6563743B4C0004726F6C6571007E00054C001273657373696F6E466163746F72795575696471007E00054C000E73746F726564536E617073686F7471007E00187870FFFFFFFF00000071007E001571007E00137400156D6F64656C2E5465726D2E6D696C6573746F6E65737070707400065465726D203274000C616C616E6D6567617267656C7371007E0016FFFFFFFF00000071007E000D71007E00097400236D6F64656C2E726F6C652E466163756C74792E7265717569726564426F6F6B696E67737070707371007E0016FFFFFFFF00000071007E000D71007E00097400276D6F64656C2E726F6C652E466163756C74792E756E617661696C61626C6554696D65736C6F74737070707E720011636F6E7374616E742E526573706F6E736500000000000000001200007871007E000F740008415050524F56454478,11,286),(4,2,'2013-09-30 11:50:58','2013-10-03 03:00:00','IS480 Scheduling System',0xACED0005737200116A6176612E7574696C2E48617368536574BA44859596B8B7340300007870770C000000103F4000000000000174001574696D6F74687968736940736D752E6564752E736778,'Faculty response overdue. Releasing timeslot.',0xACED0005737200116A6176612E7574696C2E486173684D61700507DAC1C31660D103000246000A6C6F6164466163746F724900097468726573686F6C6478703F4000000000000C77080000001000000001737200126D6F64656C2E726F6C652E466163756C747900000000000000010200024C00107265717569726564426F6F6B696E677374000F4C6A6176612F7574696C2F5365743B4C0014756E617661696C61626C6554696D65736C6F747371007E00037872000A6D6F64656C2E5573657200000000000000010200064C000866756C6C4E616D657400124C6A6176612F6C616E672F537472696E673B4C000269647400104C6A6176612F6C616E672F4C6F6E673B4C000C6D6F62696C654E756D62657271007E00054C0004726F6C6574000F4C636F6E7374616E742F526F6C653B4C00047465726D74000C4C6D6F64656C2F5465726D3B4C0008757365726E616D6571007E0005787074001542656E6A616D696E2047414E204B6F6B20536965777372000E6A6176612E6C616E672E4C6F6E673B8BE490CC8F23DF0200014A000576616C7565787200106A6176612E6C616E672E4E756D62657286AC951D0B94E08B02000078700000000000000044707E72000D636F6E7374616E742E526F6C6500000000000000001200007872000E6A6176612E6C616E672E456E756D00000000000000001200007870740007464143554C54597372000A6D6F64656C2E5465726D000000000000000102000549000C61636164656D6963596561724C000B646973706C61794E616D6571007E00054C0002696471007E00064C000A6D696C6573746F6E657371007E00034C000873656D657374657271007E00057870000007DD74000E323031332D3134205465726D20327371007E000B00000000000000027372002F6F72672E68696265726E6174652E636F6C6C656374696F6E2E696E7465726E616C2E50657273697374656E7453657486E4FDA1F2EEE0AF0200014C000373657471007E00037872003E6F72672E68696265726E6174652E636F6C6C656374696F6E2E696E7465726E616C2E416273747261637450657273697374656E74436F6C6C656374696F6E9B8CA200603B4E5502000949000A63616368656453697A655A000564697274795A000B696E697469616C697A65645A000D737065636A4C617A794C6F61644C00036B65797400164C6A6176612F696F2F53657269616C697A61626C653B4C00056F776E65727400124C6A6176612F6C616E672F4F626A6563743B4C0004726F6C6571007E00054C001273657373696F6E466163746F72795575696471007E00054C000E73746F726564536E617073686F7471007E00187870FFFFFFFF00000071007E001571007E00137400156D6F64656C2E5465726D2E6D696C6573746F6E65737070707400065465726D203274000B62656E6A616D696E67616E7371007E0016FFFFFFFF00000071007E000D71007E00097400236D6F64656C2E726F6C652E466163756C74792E7265717569726564426F6F6B696E67737070707371007E0016FFFFFFFF00000071007E000D71007E00097400276D6F64656C2E726F6C652E466163756C74792E756E617661696C61626C6554696D65736C6F74737070707E720011636F6E7374616E742E526573706F6E736500000000000000001200007871007E000F74000750454E44494E4778,15,276),(5,3,'2013-09-30 12:04:26','2013-09-30 12:04:35','Lynnette LIM Wen Zheng',0xACED0005737200116A6176612E7574696C2E48617368536574BA44859596B8B7340300007870770C000000103F4000000000000078,NULL,0xACED0005737200116A6176612E7574696C2E486173684D61700507DAC1C31660D103000246000A6C6F6164466163746F724900097468726573686F6C6478703F4000000000000C77080000001000000001737200126D6F64656C2E726F6C652E466163756C747900000000000000010200024C00107265717569726564426F6F6B696E677374000F4C6A6176612F7574696C2F5365743B4C0014756E617661696C61626C6554696D65736C6F747371007E00037872000A6D6F64656C2E5573657200000000000000010200064C000866756C6C4E616D657400124C6A6176612F6C616E672F537472696E673B4C000269647400104C6A6176612F6C616E672F4C6F6E673B4C000C6D6F62696C654E756D62657271007E00054C0004726F6C6574000F4C636F6E7374616E742F526F6C653B4C00047465726D74000C4C6D6F64656C2F5465726D3B4C0008757365726E616D6571007E0005787074001542656E6A616D696E2047414E204B6F6B20536965777372000E6A6176612E6C616E672E4C6F6E673B8BE490CC8F23DF0200014A000576616C7565787200106A6176612E6C616E672E4E756D62657286AC951D0B94E08B02000078700000000000000044707E72000D636F6E7374616E742E526F6C6500000000000000001200007872000E6A6176612E6C616E672E456E756D00000000000000001200007870740007464143554C54597372000A6D6F64656C2E5465726D000000000000000102000549000C61636164656D6963596561724C000B646973706C61794E616D6571007E00054C0002696471007E00064C000A6D696C6573746F6E657371007E00034C000873656D657374657271007E00057870000007DD74000E323031332D3134205465726D20327371007E000B00000000000000027372002F6F72672E68696265726E6174652E636F6C6C656374696F6E2E696E7465726E616C2E50657273697374656E7453657486E4FDA1F2EEE0AF0200014C000373657471007E00037872003E6F72672E68696265726E6174652E636F6C6C656374696F6E2E696E7465726E616C2E416273747261637450657273697374656E74436F6C6C656374696F6E9B8CA200603B4E5502000949000A63616368656453697A655A000564697274795A000B696E697469616C697A65645A000D737065636A4C617A794C6F61644C00036B65797400164C6A6176612F696F2F53657269616C697A61626C653B4C00056F776E65727400124C6A6176612F6C616E672F4F626A6563743B4C0004726F6C6571007E00054C001273657373696F6E466163746F72795575696471007E00054C000E73746F726564536E617073686F7471007E00187870FFFFFFFF00000071007E001571007E00137400156D6F64656C2E5465726D2E6D696C6573746F6E65737070707400065465726D203274000B62656E6A616D696E67616E7371007E0016FFFFFFFF00000071007E000D71007E00097400236D6F64656C2E726F6C652E466163756C74792E7265717569726564426F6F6B696E67737070707371007E0016FFFFFFFF00000071007E000D71007E00097400276D6F64656C2E726F6C652E466163756C74792E756E617661696C61626C6554696D65736C6F74737070707E720011636F6E7374616E742E526573706F6E736500000000000000001200007871007E000F74000750454E44494E4778,14,289),(6,3,'2013-09-30 12:07:52','2013-10-18 11:49:01','Leonard ONG Guang Shan',0xACED0005737200116A6176612E7574696C2E48617368536574BA44859596B8B7340300007870770C000000103F4000000000000078,NULL,0xACED0005737200116A6176612E7574696C2E486173684D61700507DAC1C31660D103000246000A6C6F6164466163746F724900097468726573686F6C6478703F4000000000000C77080000001000000001737200126D6F64656C2E726F6C652E466163756C747900000000000000010200024C00107265717569726564426F6F6B696E677374000F4C6A6176612F7574696C2F5365743B4C0014756E617661696C61626C6554696D65736C6F747371007E00037872000A6D6F64656C2E5573657200000000000000010200064C000866756C6C4E616D657400124C6A6176612F6C616E672F537472696E673B4C000269647400104C6A6176612F6C616E672F4C6F6E673B4C000C6D6F62696C654E756D62657271007E00054C0004726F6C6574000F4C636F6E7374616E742F526F6C653B4C00047465726D74000C4C6D6F64656C2F5465726D3B4C0008757365726E616D6571007E000578707400084461766964204C4F7372000E6A6176612E6C616E672E4C6F6E673B8BE490CC8F23DF0200014A000576616C7565787200106A6176612E6C616E672E4E756D62657286AC951D0B94E08B02000078700000000000000046707E72000D636F6E7374616E742E526F6C6500000000000000001200007872000E6A6176612E6C616E672E456E756D00000000000000001200007870740007464143554C54597372000A6D6F64656C2E5465726D000000000000000102000549000C61636164656D6963596561724C000B646973706C61794E616D6571007E00054C0002696471007E00064C000A6D696C6573746F6E657371007E00034C000873656D657374657271007E00057870000007DD74000E323031332D3134205465726D20327371007E000B00000000000000027372002F6F72672E68696265726E6174652E636F6C6C656374696F6E2E696E7465726E616C2E50657273697374656E7453657486E4FDA1F2EEE0AF0200014C000373657471007E00037872003E6F72672E68696265726E6174652E636F6C6C656374696F6E2E696E7465726E616C2E416273747261637450657273697374656E74436F6C6C656374696F6E9B8CA200603B4E5502000949000A63616368656453697A655A000564697274795A000B696E697469616C697A65645A000D737065636A4C617A794C6F61644C00036B65797400164C6A6176612F696F2F53657269616C697A61626C653B4C00056F776E65727400124C6A6176612F6C616E672F4F626A6563743B4C0004726F6C6571007E00054C001273657373696F6E466163746F72795575696471007E00054C000E73746F726564536E617073686F7471007E00187870FFFFFFFF00000071007E001571007E00137400156D6F64656C2E5465726D2E6D696C6573746F6E65737070707400065465726D203274000764617669646C6F7371007E0016FFFFFFFF00000071007E000D71007E00097400236D6F64656C2E726F6C652E466163756C74792E7265717569726564426F6F6B696E67737070707371007E0016FFFFFFFF00000071007E000D71007E00097400276D6F64656C2E726F6C652E466163756C74792E756E617661696C61626C6554696D65736C6F74737070707E720011636F6E7374616E742E526573706F6E736500000000000000001200007871007E000F740008415050524F56454478,22,274),(7,1,'2013-09-30 12:52:28','2013-10-10 14:23:51','Fiona LEE',0xACED0005737200116A6176612E7574696C2E48617368536574BA44859596B8B7340300007870770C000000103F4000000000000174001F6D61726340737465726C696E67656E67696E656572696E672E636F6D2E736778,NULL,0xACED0005737200116A6176612E7574696C2E486173684D61700507DAC1C31660D103000246000A6C6F6164466163746F724900097468726573686F6C6478703F4000000000000C77080000001000000001737200126D6F64656C2E726F6C652E466163756C747900000000000000010200024C00107265717569726564426F6F6B696E677374000F4C6A6176612F7574696C2F5365743B4C0014756E617661696C61626C6554696D65736C6F747371007E00037872000A6D6F64656C2E5573657200000000000000010200064C000866756C6C4E616D657400124C6A6176612F6C616E672F537472696E673B4C000269647400104C6A6176612F6C616E672F4C6F6E673B4C000C6D6F62696C654E756D62657271007E00054C0004726F6C6574000F4C636F6E7374616E742F526F6C653B4C00047465726D74000C4C6D6F64656C2F5465726D3B4C0008757365726E616D6571007E000578707400084461766964204C4F7372000E6A6176612E6C616E672E4C6F6E673B8BE490CC8F23DF0200014A000576616C7565787200106A6176612E6C616E672E4E756D62657286AC951D0B94E08B02000078700000000000000046707E72000D636F6E7374616E742E526F6C6500000000000000001200007872000E6A6176612E6C616E672E456E756D00000000000000001200007870740007464143554C54597372000A6D6F64656C2E5465726D000000000000000102000549000C61636164656D6963596561724C000B646973706C61794E616D6571007E00054C0002696471007E00064C000A6D696C6573746F6E657371007E00034C000873656D657374657271007E00057870000007DD74000E323031332D3134205465726D20327371007E000B00000000000000027372002F6F72672E68696265726E6174652E636F6C6C656374696F6E2E696E7465726E616C2E50657273697374656E7453657486E4FDA1F2EEE0AF0200014C000373657471007E00037872003E6F72672E68696265726E6174652E636F6C6C656374696F6E2E696E7465726E616C2E416273747261637450657273697374656E74436F6C6C656374696F6E9B8CA200603B4E5502000949000A63616368656453697A655A000564697274795A000B696E697469616C697A65645A000D737065636A4C617A794C6F61644C00036B65797400164C6A6176612F696F2F53657269616C697A61626C653B4C00056F776E65727400124C6A6176612F6C616E672F4F626A6563743B4C0004726F6C6571007E00054C001273657373696F6E466163746F72795575696471007E00054C000E73746F726564536E617073686F7471007E00187870FFFFFFFF00000071007E001571007E00137400156D6F64656C2E5465726D2E6D696C6573746F6E65737070707400065465726D203274000764617669646C6F7371007E0016FFFFFFFF00000071007E000D71007E00097400236D6F64656C2E726F6C652E466163756C74792E7265717569726564426F6F6B696E67737070707371007E0016FFFFFFFF00000071007E000D71007E00097400276D6F64656C2E726F6C652E466163756C74792E756E617661696C61626C6554696D65736C6F74737070707E720011636F6E7374616E742E526573706F6E736500000000000000001200007871007E000F740008415050524F56454478,21,289),(8,3,'2013-09-30 13:50:50','2013-09-30 15:15:25','Benjamin GAN Kok Siew',0xACED0005737200116A6176612E7574696C2E48617368536574BA44859596B8B7340300007870770C000000103F4000000000000078,NULL,0xACED0005737200116A6176612E7574696C2E486173684D61700507DAC1C31660D103000246000A6C6F6164466163746F724900097468726573686F6C6478703F4000000000000C77080000001000000001737200126D6F64656C2E726F6C652E466163756C747900000000000000010200024C00107265717569726564426F6F6B696E677374000F4C6A6176612F7574696C2F5365743B4C0014756E617661696C61626C6554696D65736C6F747371007E00037872000A6D6F64656C2E5573657200000000000000010200064C000866756C6C4E616D657400124C6A6176612F6C616E672F537472696E673B4C000269647400104C6A6176612F6C616E672F4C6F6E673B4C000C6D6F62696C654E756D62657271007E00054C0004726F6C6574000F4C636F6E7374616E742F526F6C653B4C00047465726D74000C4C6D6F64656C2F5465726D3B4C0008757365726E616D6571007E0005787074001542656E6A616D696E2047414E204B6F6B20536965777372000E6A6176612E6C616E672E4C6F6E673B8BE490CC8F23DF0200014A000576616C7565787200106A6176612E6C616E672E4E756D62657286AC951D0B94E08B02000078700000000000000044707E72000D636F6E7374616E742E526F6C6500000000000000001200007872000E6A6176612E6C616E672E456E756D00000000000000001200007870740007464143554C54597372000A6D6F64656C2E5465726D000000000000000102000549000C61636164656D6963596561724C000B646973706C61794E616D6571007E00054C0002696471007E00064C000A6D696C6573746F6E657371007E00034C000873656D657374657271007E00057870000007DD74000E323031332D3134205465726D20327371007E000B00000000000000027372002F6F72672E68696265726E6174652E636F6C6C656374696F6E2E696E7465726E616C2E50657273697374656E7453657486E4FDA1F2EEE0AF0200014C000373657471007E00037872003E6F72672E68696265726E6174652E636F6C6C656374696F6E2E696E7465726E616C2E416273747261637450657273697374656E74436F6C6C656374696F6E9B8CA200603B4E5502000949000A63616368656453697A655A000564697274795A000B696E697469616C697A65645A000D737065636A4C617A794C6F61644C00036B65797400164C6A6176612F696F2F53657269616C697A61626C653B4C00056F776E65727400124C6A6176612F6C616E672F4F626A6563743B4C0004726F6C6571007E00054C001273657373696F6E466163746F72795575696471007E00054C000E73746F726564536E617073686F7471007E00187870FFFFFFFF00000071007E001571007E00137400156D6F64656C2E5465726D2E6D696C6573746F6E65737070707400065465726D203274000B62656E6A616D696E67616E7371007E0016FFFFFFFF00000071007E000D71007E00097400236D6F64656C2E726F6C652E466163756C74792E7265717569726564426F6F6B696E67737070707371007E0016FFFFFFFF00000071007E000D71007E00097400276D6F64656C2E726F6C652E466163756C74792E756E617661696C61626C6554696D65736C6F74737070707E720011636F6E7374616E742E526573706F6E736500000000000000001200007871007E000F74000750454E44494E4778,30,442),(10,3,'2013-09-30 14:08:25','2013-09-30 15:11:21','Benjamin GAN Kok Siew',0xACED0005737200116A6176612E7574696C2E48617368536574BA44859596B8B7340300007870770C000000103F4000000000000174000A4361727065204469656D78,NULL,0xACED0005737200116A6176612E7574696C2E486173684D61700507DAC1C31660D103000246000A6C6F6164466163746F724900097468726573686F6C6478703F4000000000000C77080000001000000001737200126D6F64656C2E726F6C652E466163756C747900000000000000010200024C00107265717569726564426F6F6B696E677374000F4C6A6176612F7574696C2F5365743B4C0014756E617661696C61626C6554696D65736C6F747371007E00037872000A6D6F64656C2E5573657200000000000000010200064C000866756C6C4E616D657400124C6A6176612F6C616E672F537472696E673B4C000269647400104C6A6176612F6C616E672F4C6F6E673B4C000C6D6F62696C654E756D62657271007E00054C0004726F6C6574000F4C636F6E7374616E742F526F6C653B4C00047465726D74000C4C6D6F64656C2F5465726D3B4C0008757365726E616D6571007E0005787074000E4A49414E47204C696E677869616F7372000E6A6176612E6C616E672E4C6F6E673B8BE490CC8F23DF0200014A000576616C7565787200106A6176612E6C616E672E4E756D62657286AC951D0B94E08B02000078700000000000000047707E72000D636F6E7374616E742E526F6C6500000000000000001200007872000E6A6176612E6C616E672E456E756D00000000000000001200007870740007464143554C54597372000A6D6F64656C2E5465726D000000000000000102000549000C61636164656D6963596561724C000B646973706C61794E616D6571007E00054C0002696471007E00064C000A6D696C6573746F6E657371007E00034C000873656D657374657271007E00057870000007DD74000E323031332D3134205465726D20327371007E000B00000000000000027372002F6F72672E68696265726E6174652E636F6C6C656374696F6E2E696E7465726E616C2E50657273697374656E7453657486E4FDA1F2EEE0AF0200014C000373657471007E00037872003E6F72672E68696265726E6174652E636F6C6C656374696F6E2E696E7465726E616C2E416273747261637450657273697374656E74436F6C6C656374696F6E9B8CA200603B4E5502000949000A63616368656453697A655A000564697274795A000B696E697469616C697A65645A000D737065636A4C617A794C6F61644C00036B65797400164C6A6176612F696F2F53657269616C697A61626C653B4C00056F776E65727400124C6A6176612F6C616E672F4F626A6563743B4C0004726F6C6571007E00054C001273657373696F6E466163746F72795575696471007E00054C000E73746F726564536E617073686F7471007E00187870FFFFFFFF00000071007E001571007E00137400156D6F64656C2E5465726D2E6D696C6573746F6E65737070707400065465726D20327400076C786A69616E677371007E0016FFFFFFFF00000071007E000D71007E00097400236D6F64656C2E726F6C652E466163756C74792E7265717569726564426F6F6B696E67737070707371007E0016FFFFFFFF00000071007E000D71007E00097400276D6F64656C2E726F6C652E466163756C74792E756E617661696C61626C6554696D65736C6F74737070707E720011636F6E7374616E742E526573706F6E736500000000000000001200007871007E000F74000750454E44494E4778,24,285),(11,3,'2013-09-30 14:14:19','2013-09-30 16:28:48','CHUA Pei Shan',0xACED0005737200116A6176612E7574696C2E48617368536574BA44859596B8B7340300007870770C000000103F4000000000000078,NULL,0xACED0005737200116A6176612E7574696C2E486173684D61700507DAC1C31660D103000246000A6C6F6164466163746F724900097468726573686F6C6478703F4000000000000C77080000001000000001737200126D6F64656C2E726F6C652E466163756C747900000000000000010200024C00107265717569726564426F6F6B696E677374000F4C6A6176612F7574696C2F5365743B4C0014756E617661696C61626C6554696D65736C6F747371007E00037872000A6D6F64656C2E5573657200000000000000010200064C000866756C6C4E616D657400124C6A6176612F6C616E672F537472696E673B4C000269647400104C6A6176612F6C616E672F4C6F6E673B4C000C6D6F62696C654E756D62657271007E00054C0004726F6C6574000F4C636F6E7374616E742F526F6C653B4C00047465726D74000C4C6D6F64656C2F5465726D3B4C0008757365726E616D6571007E0005787074000D416C616E204D4547415247454C7372000E6A6176612E6C616E672E4C6F6E673B8BE490CC8F23DF0200014A000576616C7565787200106A6176612E6C616E672E4E756D62657286AC951D0B94E08B02000078700000000000000043707E72000D636F6E7374616E742E526F6C6500000000000000001200007872000E6A6176612E6C616E672E456E756D00000000000000001200007870740007464143554C54597372000A6D6F64656C2E5465726D000000000000000102000549000C61636164656D6963596561724C000B646973706C61794E616D6571007E00054C0002696471007E00064C000A6D696C6573746F6E657371007E00034C000873656D657374657271007E00057870000007DD74000E323031332D3134205465726D20327371007E000B00000000000000027372002F6F72672E68696265726E6174652E636F6C6C656374696F6E2E696E7465726E616C2E50657273697374656E7453657486E4FDA1F2EEE0AF0200014C000373657471007E00037872003E6F72672E68696265726E6174652E636F6C6C656374696F6E2E696E7465726E616C2E416273747261637450657273697374656E74436F6C6C656374696F6E9B8CA200603B4E5502000949000A63616368656453697A655A000564697274795A000B696E697469616C697A65645A000D737065636A4C617A794C6F61644C00036B65797400164C6A6176612F696F2F53657269616C697A61626C653B4C00056F776E65727400124C6A6176612F6C616E672F4F626A6563743B4C0004726F6C6571007E00054C001273657373696F6E466163746F72795575696471007E00054C000E73746F726564536E617073686F7471007E00187870FFFFFFFF00000071007E001571007E00137400156D6F64656C2E5465726D2E6D696C6573746F6E65737070707400065465726D203274000C616C616E6D6567617267656C7371007E0016FFFFFFFF00000071007E000D71007E00097400236D6F64656C2E726F6C652E466163756C74792E7265717569726564426F6F6B696E67737070707371007E0016FFFFFFFF00000071007E000D71007E00097400276D6F64656C2E726F6C652E466163756C74792E756E617661696C61626C6554696D65736C6F74737070707E720011636F6E7374616E742E526573706F6E736500000000000000001200007871007E000F740008415050524F56454478,29,379),(12,2,'2013-09-30 14:54:18','2013-10-03 03:00:00','IS480 Scheduling System',0xACED0005737200116A6176612E7574696C2E48617368536574BA44859596B8B7340300007870770C000000103F4000000000000078,'Faculty response overdue. Releasing timeslot.',0xACED0005737200116A6176612E7574696C2E486173684D61700507DAC1C31660D103000246000A6C6F6164466163746F724900097468726573686F6C6478703F4000000000000C77080000001000000001737200126D6F64656C2E726F6C652E466163756C747900000000000000010200024C00107265717569726564426F6F6B696E677374000F4C6A6176612F7574696C2F5365743B4C0014756E617661696C61626C6554696D65736C6F747371007E00037872000A6D6F64656C2E5573657200000000000000010200064C000866756C6C4E616D657400124C6A6176612F6C616E672F537472696E673B4C000269647400104C6A6176612F6C616E672F4C6F6E673B4C000C6D6F62696C654E756D62657271007E00054C0004726F6C6574000F4C636F6E7374616E742F526F6C653B4C00047465726D74000C4C6D6F64656C2F5465726D3B4C0008757365726E616D6571007E0005787074000C436872697320424F455343487372000E6A6176612E6C616E672E4C6F6E673B8BE490CC8F23DF0200014A000576616C7565787200106A6176612E6C616E672E4E756D62657286AC951D0B94E08B02000078700000000000000045707E72000D636F6E7374616E742E526F6C6500000000000000001200007872000E6A6176612E6C616E672E456E756D00000000000000001200007870740007464143554C54597372000A6D6F64656C2E5465726D000000000000000102000549000C61636164656D6963596561724C000B646973706C61794E616D6571007E00054C0002696471007E00064C000A6D696C6573746F6E657371007E00034C000873656D657374657271007E00057870000007DD74000E323031332D3134205465726D20327371007E000B00000000000000027372002F6F72672E68696265726E6174652E636F6C6C656374696F6E2E696E7465726E616C2E50657273697374656E7453657486E4FDA1F2EEE0AF0200014C000373657471007E00037872003E6F72672E68696265726E6174652E636F6C6C656374696F6E2E696E7465726E616C2E416273747261637450657273697374656E74436F6C6C656374696F6E9B8CA200603B4E5502000949000A63616368656453697A655A000564697274795A000B696E697469616C697A65645A000D737065636A4C617A794C6F61644C00036B65797400164C6A6176612F696F2F53657269616C697A61626C653B4C00056F776E65727400124C6A6176612F6C616E672F4F626A6563743B4C0004726F6C6571007E00054C001273657373696F6E466163746F72795575696471007E00054C000E73746F726564536E617073686F7471007E00187870FFFFFFFF00000071007E001571007E00137400156D6F64656C2E5465726D2E6D696C6573746F6E65737070707400065465726D203274000763626F657363687371007E0016FFFFFFFF00000071007E000D71007E00097400236D6F64656C2E726F6C652E466163756C74792E7265717569726564426F6F6B696E67737070707371007E0016FFFFFFFF00000071007E000D71007E00097400276D6F64656C2E726F6C652E466163756C74792E756E617661696C61626C6554696D65736C6F74737070707E720011636F6E7374616E742E526573706F6E736500000000000000001200007871007E000F74000750454E44494E4778,16,374),(13,1,'2013-09-30 15:11:47','2013-10-10 14:23:54','Fiona LEE',0xACED0005737200116A6176612E7574696C2E48617368536574BA44859596B8B7340300007870770C000000103F4000000000000078,NULL,0xACED0005737200116A6176612E7574696C2E486173684D61700507DAC1C31660D103000246000A6C6F6164466163746F724900097468726573686F6C6478703F4000000000000C77080000001000000001737200126D6F64656C2E726F6C652E466163756C747900000000000000010200024C00107265717569726564426F6F6B696E677374000F4C6A6176612F7574696C2F5365743B4C0014756E617661696C61626C6554696D65736C6F747371007E00037872000A6D6F64656C2E5573657200000000000000010200064C000866756C6C4E616D657400124C6A6176612F6C616E672F537472696E673B4C000269647400104C6A6176612F6C616E672F4C6F6E673B4C000C6D6F62696C654E756D62657271007E00054C0004726F6C6574000F4C636F6E7374616E742F526F6C653B4C00047465726D74000C4C6D6F64656C2F5465726D3B4C0008757365726E616D6571007E000578707400084461766964204C4F7372000E6A6176612E6C616E672E4C6F6E673B8BE490CC8F23DF0200014A000576616C7565787200106A6176612E6C616E672E4E756D62657286AC951D0B94E08B02000078700000000000000046707E72000D636F6E7374616E742E526F6C6500000000000000001200007872000E6A6176612E6C616E672E456E756D00000000000000001200007870740007464143554C54597372000A6D6F64656C2E5465726D000000000000000102000549000C61636164656D6963596561724C000B646973706C61794E616D6571007E00054C0002696471007E00064C000A6D696C6573746F6E657371007E00034C000873656D657374657271007E00057870000007DD74000E323031332D3134205465726D20327371007E000B00000000000000027372002F6F72672E68696265726E6174652E636F6C6C656374696F6E2E696E7465726E616C2E50657273697374656E7453657486E4FDA1F2EEE0AF0200014C000373657471007E00037872003E6F72672E68696265726E6174652E636F6C6C656374696F6E2E696E7465726E616C2E416273747261637450657273697374656E74436F6C6C656374696F6E9B8CA200603B4E5502000949000A63616368656453697A655A000564697274795A000B696E697469616C697A65645A000D737065636A4C617A794C6F61644C00036B65797400164C6A6176612F696F2F53657269616C697A61626C653B4C00056F776E65727400124C6A6176612F6C616E672F4F626A6563743B4C0004726F6C6571007E00054C001273657373696F6E466163746F72795575696471007E00054C000E73746F726564536E617073686F7471007E00187870FFFFFFFF00000071007E001571007E00137400156D6F64656C2E5465726D2E6D696C6573746F6E65737070707400065465726D203274000764617669646C6F7371007E0016FFFFFFFF00000071007E000D71007E00097400236D6F64656C2E726F6C652E466163756C74792E7265717569726564426F6F6B696E67737070707371007E0016FFFFFFFF00000071007E000D71007E00097400276D6F64656C2E726F6C652E466163756C74792E756E617661696C61626C6554696D65736C6F74737070707E720011636F6E7374616E742E526573706F6E736500000000000000001200007871007E000F740008415050524F56454478,20,285),(14,1,'2013-09-30 15:15:37','2013-10-10 14:23:47','Fiona LEE',0xACED0005737200116A6176612E7574696C2E48617368536574BA44859596B8B7340300007870770C000000103F4000000000000078,NULL,0xACED0005737200116A6176612E7574696C2E486173684D61700507DAC1C31660D103000246000A6C6F6164466163746F724900097468726573686F6C6478703F4000000000000C77080000001000000001737200126D6F64656C2E726F6C652E466163756C747900000000000000010200024C00107265717569726564426F6F6B696E677374000F4C6A6176612F7574696C2F5365743B4C0014756E617661696C61626C6554696D65736C6F747371007E00037872000A6D6F64656C2E5573657200000000000000010200064C000866756C6C4E616D657400124C6A6176612F6C616E672F537472696E673B4C000269647400104C6A6176612F6C616E672F4C6F6E673B4C000C6D6F62696C654E756D62657271007E00054C0004726F6C6574000F4C636F6E7374616E742F526F6C653B4C00047465726D74000C4C6D6F64656C2F5465726D3B4C0008757365726E616D6571007E000578707400084461766964204C4F7372000E6A6176612E6C616E672E4C6F6E673B8BE490CC8F23DF0200014A000576616C7565787200106A6176612E6C616E672E4E756D62657286AC951D0B94E08B02000078700000000000000046707E72000D636F6E7374616E742E526F6C6500000000000000001200007872000E6A6176612E6C616E672E456E756D00000000000000001200007870740007464143554C54597372000A6D6F64656C2E5465726D000000000000000102000549000C61636164656D6963596561724C000B646973706C61794E616D6571007E00054C0002696471007E00064C000A6D696C6573746F6E657371007E00034C000873656D657374657271007E00057870000007DD74000E323031332D3134205465726D20327371007E000B00000000000000027372002F6F72672E68696265726E6174652E636F6C6C656374696F6E2E696E7465726E616C2E50657273697374656E7453657486E4FDA1F2EEE0AF0200014C000373657471007E00037872003E6F72672E68696265726E6174652E636F6C6C656374696F6E2E696E7465726E616C2E416273747261637450657273697374656E74436F6C6C656374696F6E9B8CA200603B4E5502000949000A63616368656453697A655A000564697274795A000B696E697469616C697A65645A000D737065636A4C617A794C6F61644C00036B65797400164C6A6176612F696F2F53657269616C697A61626C653B4C00056F776E65727400124C6A6176612F6C616E672F4F626A6563743B4C0004726F6C6571007E00054C001273657373696F6E466163746F72795575696471007E00054C000E73746F726564536E617073686F7471007E00187870FFFFFFFF00000071007E001571007E00137400156D6F64656C2E5465726D2E6D696C6573746F6E65737070707400065465726D203274000764617669646C6F7371007E0016FFFFFFFF00000071007E000D71007E00097400236D6F64656C2E726F6C652E466163756C74792E7265717569726564426F6F6B696E67737070707371007E0016FFFFFFFF00000071007E000D71007E00097400276D6F64656C2E726F6C652E466163756C74792E756E617661696C61626C6554696D65736C6F74737070707E720011636F6E7374616E742E526573706F6E736500000000000000001200007871007E000F740008415050524F56454478,19,442),(15,1,'2013-09-30 15:16:34','2013-10-10 14:23:17','Fiona LEE',0xACED0005737200116A6176612E7574696C2E48617368536574BA44859596B8B7340300007870770C000000103F4000000000000078,NULL,0xACED0005737200116A6176612E7574696C2E486173684D61700507DAC1C31660D103000246000A6C6F6164466163746F724900097468726573686F6C6478703F4000000000000C77080000001000000001737200126D6F64656C2E726F6C652E466163756C747900000000000000010200024C00107265717569726564426F6F6B696E677374000F4C6A6176612F7574696C2F5365743B4C0014756E617661696C61626C6554696D65736C6F747371007E00037872000A6D6F64656C2E5573657200000000000000010200064C000866756C6C4E616D657400124C6A6176612F6C616E672F537472696E673B4C000269647400104C6A6176612F6C616E672F4C6F6E673B4C000C6D6F62696C654E756D62657271007E00054C0004726F6C6574000F4C636F6E7374616E742F526F6C653B4C00047465726D74000C4C6D6F64656C2F5465726D3B4C0008757365726E616D6571007E0005787074000E4A49414E47204C696E677869616F7372000E6A6176612E6C616E672E4C6F6E673B8BE490CC8F23DF0200014A000576616C7565787200106A6176612E6C616E672E4E756D62657286AC951D0B94E08B02000078700000000000000047707E72000D636F6E7374616E742E526F6C6500000000000000001200007872000E6A6176612E6C616E672E456E756D00000000000000001200007870740007464143554C54597372000A6D6F64656C2E5465726D000000000000000102000549000C61636164656D6963596561724C000B646973706C61794E616D6571007E00054C0002696471007E00064C000A6D696C6573746F6E657371007E00034C000873656D657374657271007E00057870000007DD74000E323031332D3134205465726D20327371007E000B00000000000000027372002F6F72672E68696265726E6174652E636F6C6C656374696F6E2E696E7465726E616C2E50657273697374656E7453657486E4FDA1F2EEE0AF0200014C000373657471007E00037872003E6F72672E68696265726E6174652E636F6C6C656374696F6E2E696E7465726E616C2E416273747261637450657273697374656E74436F6C6C656374696F6E9B8CA200603B4E5502000949000A63616368656453697A655A000564697274795A000B696E697469616C697A65645A000D737065636A4C617A794C6F61644C00036B65797400164C6A6176612F696F2F53657269616C697A61626C653B4C00056F776E65727400124C6A6176612F6C616E672F4F626A6563743B4C0004726F6C6571007E00054C001273657373696F6E466163746F72795575696471007E00054C000E73746F726564536E617073686F7471007E00187870FFFFFFFF00000071007E001571007E00137400156D6F64656C2E5465726D2E6D696C6573746F6E65737070707400065465726D20327400076C786A69616E677371007E0016FFFFFFFF00000071007E000D71007E00097400236D6F64656C2E726F6C652E466163756C74792E7265717569726564426F6F6B696E67737070707371007E0016FFFFFFFF00000071007E000D71007E00097400276D6F64656C2E726F6C652E466163756C74792E756E617661696C61626C6554696D65736C6F74737070707E720011636F6E7374616E742E526573706F6E736500000000000000001200007871007E000F740008415050524F56454478,24,279),(16,2,'2013-09-30 15:16:47','2013-10-03 03:00:00','IS480 Scheduling System',0xACED0005737200116A6176612E7574696C2E48617368536574BA44859596B8B7340300007870770C000000103F4000000000000078,'Faculty response overdue. Releasing timeslot.',0xACED0005737200116A6176612E7574696C2E486173684D61700507DAC1C31660D103000246000A6C6F6164466163746F724900097468726573686F6C6478703F4000000000000C77080000001000000001737200126D6F64656C2E726F6C652E466163756C747900000000000000010200024C00107265717569726564426F6F6B696E677374000F4C6A6176612F7574696C2F5365743B4C0014756E617661696C61626C6554696D65736C6F747371007E00037872000A6D6F64656C2E5573657200000000000000010200064C000866756C6C4E616D657400124C6A6176612F6C616E672F537472696E673B4C000269647400104C6A6176612F6C616E672F4C6F6E673B4C000C6D6F62696C654E756D62657271007E00054C0004726F6C6574000F4C636F6E7374616E742F526F6C653B4C00047465726D74000C4C6D6F64656C2F5465726D3B4C0008757365726E616D6571007E0005787074000C436872697320424F455343487372000E6A6176612E6C616E672E4C6F6E673B8BE490CC8F23DF0200014A000576616C7565787200106A6176612E6C616E672E4E756D62657286AC951D0B94E08B02000078700000000000000045707E72000D636F6E7374616E742E526F6C6500000000000000001200007872000E6A6176612E6C616E672E456E756D00000000000000001200007870740007464143554C54597372000A6D6F64656C2E5465726D000000000000000102000549000C61636164656D6963596561724C000B646973706C61794E616D6571007E00054C0002696471007E00064C000A6D696C6573746F6E657371007E00034C000873656D657374657271007E00057870000007DD74000E323031332D3134205465726D20327371007E000B00000000000000027372002F6F72672E68696265726E6174652E636F6C6C656374696F6E2E696E7465726E616C2E50657273697374656E7453657486E4FDA1F2EEE0AF0200014C000373657471007E00037872003E6F72672E68696265726E6174652E636F6C6C656374696F6E2E696E7465726E616C2E416273747261637450657273697374656E74436F6C6C656374696F6E9B8CA200603B4E5502000949000A63616368656453697A655A000564697274795A000B696E697469616C697A65645A000D737065636A4C617A794C6F61644C00036B65797400164C6A6176612F696F2F53657269616C697A61626C653B4C00056F776E65727400124C6A6176612F6C616E672F4F626A6563743B4C0004726F6C6571007E00054C001273657373696F6E466163746F72795575696471007E00054C000E73746F726564536E617073686F7471007E00187870FFFFFFFF00000071007E001571007E00137400156D6F64656C2E5465726D2E6D696C6573746F6E65737070707400065465726D203274000763626F657363687371007E0016FFFFFFFF00000071007E000D71007E00097400236D6F64656C2E726F6C652E466163756C74792E7265717569726564426F6F6B696E67737070707371007E0016FFFFFFFF00000071007E000D71007E00097400276D6F64656C2E726F6C652E466163756C74792E756E617661696C61626C6554696D65736C6F74737070707E720011636F6E7374616E742E526573706F6E736500000000000000001200007871007E000F74000750454E44494E4778,18,272),(17,2,'2013-09-30 15:16:57','2013-09-30 17:59:17','JIANG Lingxiao',0xACED0005737200116A6176612E7574696C2E48617368536574BA44859596B8B7340300007870770C000000103F4000000000000078,'Can you move to 1pm on Thursday then?',0xACED0005737200116A6176612E7574696C2E486173684D61700507DAC1C31660D103000246000A6C6F6164466163746F724900097468726573686F6C6478703F4000000000000C77080000001000000001737200126D6F64656C2E726F6C652E466163756C747900000000000000010200024C00107265717569726564426F6F6B696E677374000F4C6A6176612F7574696C2F5365743B4C0014756E617661696C61626C6554696D65736C6F747371007E00037872000A6D6F64656C2E5573657200000000000000010200064C000866756C6C4E616D657400124C6A6176612F6C616E672F537472696E673B4C000269647400104C6A6176612F6C616E672F4C6F6E673B4C000C6D6F62696C654E756D62657271007E00054C0004726F6C6574000F4C636F6E7374616E742F526F6C653B4C00047465726D74000C4C6D6F64656C2F5465726D3B4C0008757365726E616D6571007E0005787074000E4A49414E47204C696E677869616F7372000E6A6176612E6C616E672E4C6F6E673B8BE490CC8F23DF0200014A000576616C7565787200106A6176612E6C616E672E4E756D62657286AC951D0B94E08B02000078700000000000000047707E72000D636F6E7374616E742E526F6C6500000000000000001200007872000E6A6176612E6C616E672E456E756D00000000000000001200007870740007464143554C54597372000A6D6F64656C2E5465726D000000000000000102000549000C61636164656D6963596561724C000B646973706C61794E616D6571007E00054C0002696471007E00064C000A6D696C6573746F6E657371007E00034C000873656D657374657271007E00057870000007DD74000E323031332D3134205465726D20327371007E000B00000000000000027372002F6F72672E68696265726E6174652E636F6C6C656374696F6E2E696E7465726E616C2E50657273697374656E7453657486E4FDA1F2EEE0AF0200014C000373657471007E00037872003E6F72672E68696265726E6174652E636F6C6C656374696F6E2E696E7465726E616C2E416273747261637450657273697374656E74436F6C6C656374696F6E9B8CA200603B4E5502000949000A63616368656453697A655A000564697274795A000B696E697469616C697A65645A000D737065636A4C617A794C6F61644C00036B65797400164C6A6176612F696F2F53657269616C697A61626C653B4C00056F776E65727400124C6A6176612F6C616E672F4F626A6563743B4C0004726F6C6571007E00054C001273657373696F6E466163746F72795575696471007E00054C000E73746F726564536E617073686F7471007E00187870FFFFFFFF00000071007E001571007E00137400156D6F64656C2E5465726D2E6D696C6573746F6E65737070707400065465726D20327400076C786A69616E677371007E0016FFFFFFFF00000071007E000D71007E00097400236D6F64656C2E726F6C652E466163756C74792E7265717569726564426F6F6B696E67737070707371007E0016FFFFFFFF00000071007E000D71007E00097400276D6F64656C2E726F6C652E466163756C74792E756E617661696C61626C6554696D65736C6F74737070707E720011636F6E7374616E742E526573706F6E736500000000000000001200007871007E000F74000852454A454354454478,25,287),(18,2,'2013-09-30 15:35:39','2013-10-03 03:00:00','IS480 Scheduling System',0xACED0005737200116A6176612E7574696C2E48617368536574BA44859596B8B7340300007870770C000000103F4000000000000078,'Faculty response overdue. Releasing timeslot.',0xACED0005737200116A6176612E7574696C2E486173684D61700507DAC1C31660D103000246000A6C6F6164466163746F724900097468726573686F6C6478703F4000000000000C77080000001000000001737200126D6F64656C2E726F6C652E466163756C747900000000000000010200024C00107265717569726564426F6F6B696E677374000F4C6A6176612F7574696C2F5365743B4C0014756E617661696C61626C6554696D65736C6F747371007E00037872000A6D6F64656C2E5573657200000000000000010200064C000866756C6C4E616D657400124C6A6176612F6C616E672F537472696E673B4C000269647400104C6A6176612F6C616E672F4C6F6E673B4C000C6D6F62696C654E756D62657271007E00054C0004726F6C6574000F4C636F6E7374616E742F526F6C653B4C00047465726D74000C4C6D6F64656C2F5465726D3B4C0008757365726E616D6571007E0005787074001542656E6A616D696E2047414E204B6F6B20536965777372000E6A6176612E6C616E672E4C6F6E673B8BE490CC8F23DF0200014A000576616C7565787200106A6176612E6C616E672E4E756D62657286AC951D0B94E08B02000078700000000000000044707E72000D636F6E7374616E742E526F6C6500000000000000001200007872000E6A6176612E6C616E672E456E756D00000000000000001200007870740007464143554C54597372000A6D6F64656C2E5465726D000000000000000102000549000C61636164656D6963596561724C000B646973706C61794E616D6571007E00054C0002696471007E00064C000A6D696C6573746F6E657371007E00034C000873656D657374657271007E00057870000007DD74000E323031332D3134205465726D20327371007E000B00000000000000027372002F6F72672E68696265726E6174652E636F6C6C656374696F6E2E696E7465726E616C2E50657273697374656E7453657486E4FDA1F2EEE0AF0200014C000373657471007E00037872003E6F72672E68696265726E6174652E636F6C6C656374696F6E2E696E7465726E616C2E416273747261637450657273697374656E74436F6C6C656374696F6E9B8CA200603B4E5502000949000A63616368656453697A655A000564697274795A000B696E697469616C697A65645A000D737065636A4C617A794C6F61644C00036B65797400164C6A6176612F696F2F53657269616C697A61626C653B4C00056F776E65727400124C6A6176612F6C616E672F4F626A6563743B4C0004726F6C6571007E00054C001273657373696F6E466163746F72795575696471007E00054C000E73746F726564536E617073686F7471007E00187870FFFFFFFF00000071007E001571007E00137400156D6F64656C2E5465726D2E6D696C6573746F6E65737070707400065465726D203274000B62656E6A616D696E67616E7371007E0016FFFFFFFF00000071007E000D71007E00097400236D6F64656C2E726F6C652E466163756C74792E7265717569726564426F6F6B696E67737070707371007E0016FFFFFFFF00000071007E000D71007E00097400276D6F64656C2E726F6C652E466163756C74792E756E617661696C61626C6554696D65736C6F74737070707E720011636F6E7374616E742E526573706F6E736500000000000000001200007871007E000F74000750454E44494E4778,30,288),(19,1,'2013-09-30 16:29:09','2013-10-10 14:20:55','Fiona LEE',0xACED0005737200116A6176612E7574696C2E48617368536574BA44859596B8B7340300007870770C000000103F4000000000000078,NULL,0xACED0005737200116A6176612E7574696C2E486173684D61700507DAC1C31660D103000246000A6C6F6164466163746F724900097468726573686F6C6478703F4000000000000C77080000001000000001737200126D6F64656C2E726F6C652E466163756C747900000000000000010200024C00107265717569726564426F6F6B696E677374000F4C6A6176612F7574696C2F5365743B4C0014756E617661696C61626C6554696D65736C6F747371007E00037872000A6D6F64656C2E5573657200000000000000010200064C000866756C6C4E616D657400124C6A6176612F6C616E672F537472696E673B4C000269647400104C6A6176612F6C616E672F4C6F6E673B4C000C6D6F62696C654E756D62657271007E00054C0004726F6C6574000F4C636F6E7374616E742F526F6C653B4C00047465726D74000C4C6D6F64656C2F5465726D3B4C0008757365726E616D6571007E0005787074000D416C616E204D4547415247454C7372000E6A6176612E6C616E672E4C6F6E673B8BE490CC8F23DF0200014A000576616C7565787200106A6176612E6C616E672E4E756D62657286AC951D0B94E08B02000078700000000000000043707E72000D636F6E7374616E742E526F6C6500000000000000001200007872000E6A6176612E6C616E672E456E756D00000000000000001200007870740007464143554C54597372000A6D6F64656C2E5465726D000000000000000102000549000C61636164656D6963596561724C000B646973706C61794E616D6571007E00054C0002696471007E00064C000A6D696C6573746F6E657371007E00034C000873656D657374657271007E00057870000007DD74000E323031332D3134205465726D20327371007E000B00000000000000027372002F6F72672E68696265726E6174652E636F6C6C656374696F6E2E696E7465726E616C2E50657273697374656E7453657486E4FDA1F2EEE0AF0200014C000373657471007E00037872003E6F72672E68696265726E6174652E636F6C6C656374696F6E2E696E7465726E616C2E416273747261637450657273697374656E74436F6C6C656374696F6E9B8CA200603B4E5502000949000A63616368656453697A655A000564697274795A000B696E697469616C697A65645A000D737065636A4C617A794C6F61644C00036B65797400164C6A6176612F696F2F53657269616C697A61626C653B4C00056F776E65727400124C6A6176612F6C616E672F4F626A6563743B4C0004726F6C6571007E00054C001273657373696F6E466163746F72795575696471007E00054C000E73746F726564536E617073686F7471007E00187870FFFFFFFF00000071007E001571007E00137400156D6F64656C2E5465726D2E6D696C6573746F6E65737070707400065465726D203274000C616C616E6D6567617267656C7371007E0016FFFFFFFF00000071007E000D71007E00097400236D6F64656C2E726F6C652E466163756C74792E7265717569726564426F6F6B696E67737070707371007E0016FFFFFFFF00000071007E000D71007E00097400276D6F64656C2E726F6C652E466163756C74792E756E617661696C61626C6554696D65736C6F74737070707E720011636F6E7374616E742E526573706F6E736500000000000000001200007871007E000F740008415050524F56454478,29,278),(20,1,'2013-10-01 07:51:02','2013-10-10 14:21:11','Fiona LEE',0xACED0005737200116A6176612E7574696C2E48617368536574BA44859596B8B7340300007870770C000000103F4000000000000078,NULL,0xACED0005737200116A6176612E7574696C2E486173684D61700507DAC1C31660D103000246000A6C6F6164466163746F724900097468726573686F6C6478703F4000000000000C77080000001000000001737200126D6F64656C2E726F6C652E466163756C747900000000000000010200024C00107265717569726564426F6F6B696E677374000F4C6A6176612F7574696C2F5365743B4C0014756E617661696C61626C6554696D65736C6F747371007E00037872000A6D6F64656C2E5573657200000000000000010200064C000866756C6C4E616D657400124C6A6176612F6C616E672F537472696E673B4C000269647400104C6A6176612F6C616E672F4C6F6E673B4C000C6D6F62696C654E756D62657271007E00054C0004726F6C6574000F4C636F6E7374616E742F526F6C653B4C00047465726D74000C4C6D6F64656C2F5465726D3B4C0008757365726E616D6571007E0005787074000E4A49414E47204C696E677869616F7372000E6A6176612E6C616E672E4C6F6E673B8BE490CC8F23DF0200014A000576616C7565787200106A6176612E6C616E672E4E756D62657286AC951D0B94E08B02000078700000000000000047707E72000D636F6E7374616E742E526F6C6500000000000000001200007872000E6A6176612E6C616E672E456E756D00000000000000001200007870740007464143554C54597372000A6D6F64656C2E5465726D000000000000000102000549000C61636164656D6963596561724C000B646973706C61794E616D6571007E00054C0002696471007E00064C000A6D696C6573746F6E657371007E00034C000873656D657374657271007E00057870000007DD74000E323031332D3134205465726D20327371007E000B00000000000000027372002F6F72672E68696265726E6174652E636F6C6C656374696F6E2E696E7465726E616C2E50657273697374656E7453657486E4FDA1F2EEE0AF0200014C000373657471007E00037872003E6F72672E68696265726E6174652E636F6C6C656374696F6E2E696E7465726E616C2E416273747261637450657273697374656E74436F6C6C656374696F6E9B8CA200603B4E5502000949000A63616368656453697A655A000564697274795A000B696E697469616C697A65645A000D737065636A4C617A794C6F61644C00036B65797400164C6A6176612F696F2F53657269616C697A61626C653B4C00056F776E65727400124C6A6176612F6C616E672F4F626A6563743B4C0004726F6C6571007E00054C001273657373696F6E466163746F72795575696471007E00054C000E73746F726564536E617073686F7471007E00187870FFFFFFFF00000071007E001571007E00137400156D6F64656C2E5465726D2E6D696C6573746F6E65737070707400065465726D20327400076C786A69616E677371007E0016FFFFFFFF00000071007E000D71007E00097400236D6F64656C2E726F6C652E466163756C74792E7265717569726564426F6F6B696E67737070707371007E0016FFFFFFFF00000071007E000D71007E00097400276D6F64656C2E726F6C652E466163756C74792E756E617661696C61626C6554696D65736C6F74737070707E720011636F6E7374616E742E526573706F6E736500000000000000001200007871007E000F740008415050524F56454478,26,282),(21,1,'2013-10-01 14:25:13','2013-10-10 14:23:25','Fiona LEE',0xACED0005737200116A6176612E7574696C2E48617368536574BA44859596B8B7340300007870770C000000103F4000000000000078,NULL,0xACED0005737200116A6176612E7574696C2E486173684D61700507DAC1C31660D103000246000A6C6F6164466163746F724900097468726573686F6C6478703F4000000000000C77080000001000000001737200126D6F64656C2E726F6C652E466163756C747900000000000000010200024C00107265717569726564426F6F6B696E677374000F4C6A6176612F7574696C2F5365743B4C0014756E617661696C61626C6554696D65736C6F747371007E00037872000A6D6F64656C2E5573657200000000000000010200064C000866756C6C4E616D657400124C6A6176612F6C616E672F537472696E673B4C000269647400104C6A6176612F6C616E672F4C6F6E673B4C000C6D6F62696C654E756D62657271007E00054C0004726F6C6574000F4C636F6E7374616E742F526F6C653B4C00047465726D74000C4C6D6F64656C2F5465726D3B4C0008757365726E616D6571007E0005787074000E4A49414E47204C696E677869616F7372000E6A6176612E6C616E672E4C6F6E673B8BE490CC8F23DF0200014A000576616C7565787200106A6176612E6C616E672E4E756D62657286AC951D0B94E08B02000078700000000000000047707E72000D636F6E7374616E742E526F6C6500000000000000001200007872000E6A6176612E6C616E672E456E756D00000000000000001200007870740007464143554C54597372000A6D6F64656C2E5465726D000000000000000102000549000C61636164656D6963596561724C000B646973706C61794E616D6571007E00054C0002696471007E00064C000A6D696C6573746F6E657371007E00034C000873656D657374657271007E00057870000007DD74000E323031332D3134205465726D20327371007E000B00000000000000027372002F6F72672E68696265726E6174652E636F6C6C656374696F6E2E696E7465726E616C2E50657273697374656E7453657486E4FDA1F2EEE0AF0200014C000373657471007E00037872003E6F72672E68696265726E6174652E636F6C6C656374696F6E2E696E7465726E616C2E416273747261637450657273697374656E74436F6C6C656374696F6E9B8CA200603B4E5502000949000A63616368656453697A655A000564697274795A000B696E697469616C697A65645A000D737065636A4C617A794C6F61644C00036B65797400164C6A6176612F696F2F53657269616C697A61626C653B4C00056F776E65727400124C6A6176612F6C616E672F4F626A6563743B4C0004726F6C6571007E00054C001273657373696F6E466163746F72795575696471007E00054C000E73746F726564536E617073686F7471007E00187870FFFFFFFF00000071007E001571007E00137400156D6F64656C2E5465726D2E6D696C6573746F6E65737070707400065465726D20327400076C786A69616E677371007E0016FFFFFFFF00000071007E000D71007E00097400236D6F64656C2E726F6C652E466163756C74792E7265717569726564426F6F6B696E67737070707371007E0016FFFFFFFF00000071007E000D71007E00097400276D6F64656C2E726F6C652E466163756C74792E756E617661696C61626C6554696D65736C6F74737070707E720011636F6E7374616E742E526573706F6E736500000000000000001200007871007E000F740008415050524F56454478,25,284),(22,3,'2013-10-02 13:43:29','2013-10-10 16:35:59','Edward Young TANOJO',0xACED0005737200116A6176612E7574696C2E48617368536574BA44859596B8B7340300007870770C000000103F400000000000017400126C786A69616E6740736D752E6564752E736778,NULL,0xACED0005737200116A6176612E7574696C2E486173684D61700507DAC1C31660D103000246000A6C6F6164466163746F724900097468726573686F6C6478703F4000000000000C77080000001000000001737200126D6F64656C2E726F6C652E466163756C747900000000000000010200024C00107265717569726564426F6F6B696E677374000F4C6A6176612F7574696C2F5365743B4C0014756E617661696C61626C6554696D65736C6F747371007E00037872000A6D6F64656C2E5573657200000000000000010200064C000866756C6C4E616D657400124C6A6176612F6C616E672F537472696E673B4C000269647400104C6A6176612F6C616E672F4C6F6E673B4C000C6D6F62696C654E756D62657271007E00054C0004726F6C6574000F4C636F6E7374616E742F526F6C653B4C00047465726D74000C4C6D6F64656C2F5465726D3B4C0008757365726E616D6571007E0005787074000E4A49414E47204C696E677869616F7372000E6A6176612E6C616E672E4C6F6E673B8BE490CC8F23DF0200014A000576616C7565787200106A6176612E6C616E672E4E756D62657286AC951D0B94E08B02000078700000000000000047707E72000D636F6E7374616E742E526F6C6500000000000000001200007872000E6A6176612E6C616E672E456E756D00000000000000001200007870740007464143554C54597372000A6D6F64656C2E5465726D000000000000000102000549000C61636164656D6963596561724C000B646973706C61794E616D6571007E00054C0002696471007E00064C000A6D696C6573746F6E657371007E00034C000873656D657374657271007E00057870000007DD74000E323031332D3134205465726D20327371007E000B00000000000000027372002F6F72672E68696265726E6174652E636F6C6C656374696F6E2E696E7465726E616C2E50657273697374656E7453657486E4FDA1F2EEE0AF0200014C000373657471007E00037872003E6F72672E68696265726E6174652E636F6C6C656374696F6E2E696E7465726E616C2E416273747261637450657273697374656E74436F6C6C656374696F6E9B8CA200603B4E5502000949000A63616368656453697A655A000564697274795A000B696E697469616C697A65645A000D737065636A4C617A794C6F61644C00036B65797400164C6A6176612F696F2F53657269616C697A61626C653B4C00056F776E65727400124C6A6176612F6C616E672F4F626A6563743B4C0004726F6C6571007E00054C001273657373696F6E466163746F72795575696471007E00054C000E73746F726564536E617073686F7471007E00187870FFFFFFFF00000071007E001571007E00137400156D6F64656C2E5465726D2E6D696C6573746F6E65737070707400065465726D20327400076C786A69616E677371007E0016FFFFFFFF00000071007E000D71007E00097400236D6F64656C2E726F6C652E466163756C74792E7265717569726564426F6F6B696E67737070707371007E0016FFFFFFFF00000071007E000D71007E00097400276D6F64656C2E726F6C652E466163756C74792E756E617661696C61626C6554696D65736C6F74737070707E720011636F6E7374616E742E526573706F6E736500000000000000001200007871007E000F740008415050524F56454478,23,280),(23,1,'2013-10-02 14:38:32','2013-10-22 12:52:42','Agurz Gary LEONG Kwok Wai',0xACED0005737200116A6176612E7574696C2E48617368536574BA44859596B8B7340300007870770C000000103F4000000000000174001467656F72676568616E40736D752E6564752E736778,NULL,0xACED0005737200116A6176612E7574696C2E486173684D61700507DAC1C31660D103000246000A6C6F6164466163746F724900097468726573686F6C6478703F4000000000000C77080000001000000001737200126D6F64656C2E726F6C652E466163756C747900000000000000010200024C00107265717569726564426F6F6B696E677374000F4C6A6176612F7574696C2F5365743B4C0014756E617661696C61626C6554696D65736C6F747371007E00037872000A6D6F64656C2E5573657200000000000000010200074C000866756C6C4E616D657400124C6A6176612F6C616E672F537472696E673B4C000269647400104C6A6176612F6C616E672F4C6F6E673B4C000C6D6F62696C654E756D62657271007E00054C0004726F6C6574000F4C636F6E7374616E742F526F6C653B4C001273756273637269626564426F6F6B696E677371007E00034C00047465726D74000C4C6D6F64656C2F5465726D3B4C0008757365726E616D6571007E0005787074001542656E6A616D696E2047414E204B6F6B20536965777372000E6A6176612E6C616E672E4C6F6E673B8BE490CC8F23DF0200014A000576616C7565787200106A6176612E6C616E672E4E756D62657286AC951D0B94E08B02000078700000000000000044707E72000D636F6E7374616E742E526F6C6500000000000000001200007872000E6A6176612E6C616E672E456E756D00000000000000001200007870740007464143554C5459707372000A6D6F64656C2E5465726D000000000000000102000549000C61636164656D6963596561724C000B646973706C61794E616D6571007E00054C0002696471007E00064C000A6D696C6573746F6E657371007E00034C000873656D657374657271007E00057870000007DD74000E323031332D3134205465726D20327371007E000B00000000000000027372002F6F72672E68696265726E6174652E636F6C6C656374696F6E2E696E7465726E616C2E50657273697374656E7453657486E4FDA1F2EEE0AF0200014C000373657471007E00037872003E6F72672E68696265726E6174652E636F6C6C656374696F6E2E696E7465726E616C2E416273747261637450657273697374656E74436F6C6C656374696F6E9B8CA200603B4E5502000949000A63616368656453697A655A000564697274795A000B696E697469616C697A65645A000D737065636A4C617A794C6F61644C00036B65797400164C6A6176612F696F2F53657269616C697A61626C653B4C00056F776E65727400124C6A6176612F6C616E672F4F626A6563743B4C0004726F6C6571007E00054C001273657373696F6E466163746F72795575696471007E00054C000E73746F726564536E617073686F7471007E00187870FFFFFFFF00000071007E001571007E00137400156D6F64656C2E5465726D2E6D696C6573746F6E65737070707400065465726D203274000B62656E6A616D696E67616E7371007E0016FFFFFFFF00000071007E000D71007E00097400236D6F64656C2E726F6C652E466163756C74792E7265717569726564426F6F6B696E67737070707371007E0016FFFFFFFF00000071007E000D71007E00097400276D6F64656C2E726F6C652E466163756C74792E756E617661696C61626C6554696D65736C6F74737070707E720011636F6E7374616E742E526573706F6E736500000000000000001200007871007E000F740008415050524F56454478,32,371),(24,1,'2013-10-03 17:01:15','2013-10-10 14:22:45','Fiona LEE',0xACED0005737200116A6176612E7574696C2E48617368536574BA44859596B8B7340300007870770C000000103F4000000000000674001A66617269712E736169642E3230313140736D752E6564752E736774001A656E6773656E2E6B65652E3230313140736D752E6564752E73677400197368616E61617A6D6B2E3230313140736D752E6564752E7367740019676C656E2E776F6E672E3230313140736D752E6564752E73677400196D6F68616D656473682E3230313140736D752E6564752E736774001A7761686368756E2E6E672E3230313140736D752E6564752E736778,NULL,0xACED0005737200116A6176612E7574696C2E486173684D61700507DAC1C31660D103000246000A6C6F6164466163746F724900097468726573686F6C6478703F4000000000000C77080000001000000001737200126D6F64656C2E726F6C652E466163756C747900000000000000010200024C00107265717569726564426F6F6B696E677374000F4C6A6176612F7574696C2F5365743B4C0014756E617661696C61626C6554696D65736C6F747371007E00037872000A6D6F64656C2E5573657200000000000000010200064C000866756C6C4E616D657400124C6A6176612F6C616E672F537472696E673B4C000269647400104C6A6176612F6C616E672F4C6F6E673B4C000C6D6F62696C654E756D62657271007E00054C0004726F6C6574000F4C636F6E7374616E742F526F6C653B4C00047465726D74000C4C6D6F64656C2F5465726D3B4C0008757365726E616D6571007E0005787074001542656E6A616D696E2047414E204B6F6B20536965777372000E6A6176612E6C616E672E4C6F6E673B8BE490CC8F23DF0200014A000576616C7565787200106A6176612E6C616E672E4E756D62657286AC951D0B94E08B02000078700000000000000044707E72000D636F6E7374616E742E526F6C6500000000000000001200007872000E6A6176612E6C616E672E456E756D00000000000000001200007870740007464143554C54597372000A6D6F64656C2E5465726D000000000000000102000549000C61636164656D6963596561724C000B646973706C61794E616D6571007E00054C0002696471007E00064C000A6D696C6573746F6E657371007E00034C000873656D657374657271007E00057870000007DD74000E323031332D3134205465726D20327371007E000B00000000000000027372002F6F72672E68696265726E6174652E636F6C6C656374696F6E2E696E7465726E616C2E50657273697374656E7453657486E4FDA1F2EEE0AF0200014C000373657471007E00037872003E6F72672E68696265726E6174652E636F6C6C656374696F6E2E696E7465726E616C2E416273747261637450657273697374656E74436F6C6C656374696F6E9B8CA200603B4E5502000949000A63616368656453697A655A000564697274795A000B696E697469616C697A65645A000D737065636A4C617A794C6F61644C00036B65797400164C6A6176612F696F2F53657269616C697A61626C653B4C00056F776E65727400124C6A6176612F6C616E672F4F626A6563743B4C0004726F6C6571007E00054C001273657373696F6E466163746F72795575696471007E00054C000E73746F726564536E617073686F7471007E00187870FFFFFFFF00000071007E001571007E00137400156D6F64656C2E5465726D2E6D696C6573746F6E65737070707400065465726D203274000B62656E6A616D696E67616E7371007E0016FFFFFFFF00000071007E000D71007E00097400236D6F64656C2E726F6C652E466163756C74792E7265717569726564426F6F6B696E67737070707371007E0016FFFFFFFF00000071007E000D71007E00097400276D6F64656C2E726F6C652E466163756C74792E756E617661696C61626C6554696D65736C6F74737070707E720011636F6E7374616E742E526573706F6E736500000000000000001200007871007E000F740008415050524F56454478,13,283),(25,1,'2013-10-03 17:25:27','2013-10-10 14:20:41','Fiona LEE',0xACED0005737200116A6176612E7574696C2E48617368536574BA44859596B8B7340300007870770C000000103F4000000000000078,NULL,0xACED0005737200116A6176612E7574696C2E486173684D61700507DAC1C31660D103000246000A6C6F6164466163746F724900097468726573686F6C6478703F4000000000000C77080000001000000001737200126D6F64656C2E726F6C652E466163756C747900000000000000010200024C00107265717569726564426F6F6B696E677374000F4C6A6176612F7574696C2F5365743B4C0014756E617661696C61626C6554696D65736C6F747371007E00037872000A6D6F64656C2E5573657200000000000000010200064C000866756C6C4E616D657400124C6A6176612F6C616E672F537472696E673B4C000269647400104C6A6176612F6C616E672F4C6F6E673B4C000C6D6F62696C654E756D62657271007E00054C0004726F6C6574000F4C636F6E7374616E742F526F6C653B4C00047465726D74000C4C6D6F64656C2F5465726D3B4C0008757365726E616D6571007E0005787074001542656E6A616D696E2047414E204B6F6B20536965777372000E6A6176612E6C616E672E4C6F6E673B8BE490CC8F23DF0200014A000576616C7565787200106A6176612E6C616E672E4E756D62657286AC951D0B94E08B02000078700000000000000044707E72000D636F6E7374616E742E526F6C6500000000000000001200007872000E6A6176612E6C616E672E456E756D00000000000000001200007870740007464143554C54597372000A6D6F64656C2E5465726D000000000000000102000549000C61636164656D6963596561724C000B646973706C61794E616D6571007E00054C0002696471007E00064C000A6D696C6573746F6E657371007E00034C000873656D657374657271007E00057870000007DD74000E323031332D3134205465726D20327371007E000B00000000000000027372002F6F72672E68696265726E6174652E636F6C6C656374696F6E2E696E7465726E616C2E50657273697374656E7453657486E4FDA1F2EEE0AF0200014C000373657471007E00037872003E6F72672E68696265726E6174652E636F6C6C656374696F6E2E696E7465726E616C2E416273747261637450657273697374656E74436F6C6C656374696F6E9B8CA200603B4E5502000949000A63616368656453697A655A000564697274795A000B696E697469616C697A65645A000D737065636A4C617A794C6F61644C00036B65797400164C6A6176612F696F2F53657269616C697A61626C653B4C00056F776E65727400124C6A6176612F6C616E672F4F626A6563743B4C0004726F6C6571007E00054C001273657373696F6E466163746F72795575696471007E00054C000E73746F726564536E617073686F7471007E00187870FFFFFFFF00000071007E001571007E00137400156D6F64656C2E5465726D2E6D696C6573746F6E65737070707400065465726D203274000B62656E6A616D696E67616E7371007E0016FFFFFFFF00000071007E000D71007E00097400236D6F64656C2E726F6C652E466163756C74792E7265717569726564426F6F6B696E67737070707371007E0016FFFFFFFF00000071007E000D71007E00097400276D6F64656C2E726F6C652E466163756C74792E756E617661696C61626C6554696D65736C6F74737070707E720011636F6E7374616E742E526573706F6E736500000000000000001200007871007E000F740008415050524F56454478,15,276),(26,1,'2013-10-03 17:56:47','2013-10-10 14:23:29','Fiona LEE',0xACED0005737200116A6176612E7574696C2E48617368536574BA44859596B8B7340300007870770C000000103F4000000000000078,NULL,0xACED0005737200116A6176612E7574696C2E486173684D61700507DAC1C31660D103000246000A6C6F6164466163746F724900097468726573686F6C6478703F4000000000000C77080000001000000001737200126D6F64656C2E726F6C652E466163756C747900000000000000010200024C00107265717569726564426F6F6B696E677374000F4C6A6176612F7574696C2F5365743B4C0014756E617661696C61626C6554696D65736C6F747371007E00037872000A6D6F64656C2E5573657200000000000000010200064C000866756C6C4E616D657400124C6A6176612F6C616E672F537472696E673B4C000269647400104C6A6176612F6C616E672F4C6F6E673B4C000C6D6F62696C654E756D62657271007E00054C0004726F6C6574000F4C636F6E7374616E742F526F6C653B4C00047465726D74000C4C6D6F64656C2F5465726D3B4C0008757365726E616D6571007E0005787074001542656E6A616D696E2047414E204B6F6B20536965777372000E6A6176612E6C616E672E4C6F6E673B8BE490CC8F23DF0200014A000576616C7565787200106A6176612E6C616E672E4E756D62657286AC951D0B94E08B02000078700000000000000044707E72000D636F6E7374616E742E526F6C6500000000000000001200007872000E6A6176612E6C616E672E456E756D00000000000000001200007870740007464143554C54597372000A6D6F64656C2E5465726D000000000000000102000549000C61636164656D6963596561724C000B646973706C61794E616D6571007E00054C0002696471007E00064C000A6D696C6573746F6E657371007E00034C000873656D657374657271007E00057870000007DD74000E323031332D3134205465726D20327371007E000B00000000000000027372002F6F72672E68696265726E6174652E636F6C6C656374696F6E2E696E7465726E616C2E50657273697374656E7453657486E4FDA1F2EEE0AF0200014C000373657471007E00037872003E6F72672E68696265726E6174652E636F6C6C656374696F6E2E696E7465726E616C2E416273747261637450657273697374656E74436F6C6C656374696F6E9B8CA200603B4E5502000949000A63616368656453697A655A000564697274795A000B696E697469616C697A65645A000D737065636A4C617A794C6F61644C00036B65797400164C6A6176612F696F2F53657269616C697A61626C653B4C00056F776E65727400124C6A6176612F6C616E672F4F626A6563743B4C0004726F6C6571007E00054C001273657373696F6E466163746F72795575696471007E00054C000E73746F726564536E617073686F7471007E00187870FFFFFFFF00000071007E001571007E00137400156D6F64656C2E5465726D2E6D696C6573746F6E65737070707400065465726D203274000B62656E6A616D696E67616E7371007E0016FFFFFFFF00000071007E000D71007E00097400236D6F64656C2E726F6C652E466163756C74792E7265717569726564426F6F6B696E67737070707371007E0016FFFFFFFF00000071007E000D71007E00097400276D6F64656C2E726F6C652E466163756C74792E756E617661696C61626C6554696D65736C6F74737070707E720011636F6E7374616E742E526573706F6E736500000000000000001200007871007E000F740008415050524F56454478,30,288),(27,1,'2013-10-03 18:40:19','2013-10-10 14:22:33','Fiona LEE',0xACED0005737200116A6176612E7574696C2E48617368536574BA44859596B8B7340300007870770C000000103F4000000000000078,NULL,0xACED0005737200116A6176612E7574696C2E486173684D61700507DAC1C31660D103000246000A6C6F6164466163746F724900097468726573686F6C6478703F4000000000000C77080000001000000001737200126D6F64656C2E726F6C652E466163756C747900000000000000010200024C00107265717569726564426F6F6B696E677374000F4C6A6176612F7574696C2F5365743B4C0014756E617661696C61626C6554696D65736C6F747371007E00037872000A6D6F64656C2E5573657200000000000000010200064C000866756C6C4E616D657400124C6A6176612F6C616E672F537472696E673B4C000269647400104C6A6176612F6C616E672F4C6F6E673B4C000C6D6F62696C654E756D62657271007E00054C0004726F6C6574000F4C636F6E7374616E742F526F6C653B4C00047465726D74000C4C6D6F64656C2F5465726D3B4C0008757365726E616D6571007E0005787074000C436872697320424F455343487372000E6A6176612E6C616E672E4C6F6E673B8BE490CC8F23DF0200014A000576616C7565787200106A6176612E6C616E672E4E756D62657286AC951D0B94E08B02000078700000000000000045707E72000D636F6E7374616E742E526F6C6500000000000000001200007872000E6A6176612E6C616E672E456E756D00000000000000001200007870740007464143554C54597372000A6D6F64656C2E5465726D000000000000000102000549000C61636164656D6963596561724C000B646973706C61794E616D6571007E00054C0002696471007E00064C000A6D696C6573746F6E657371007E00034C000873656D657374657271007E00057870000007DD74000E323031332D3134205465726D20327371007E000B00000000000000027372002F6F72672E68696265726E6174652E636F6C6C656374696F6E2E696E7465726E616C2E50657273697374656E7453657486E4FDA1F2EEE0AF0200014C000373657471007E00037872003E6F72672E68696265726E6174652E636F6C6C656374696F6E2E696E7465726E616C2E416273747261637450657273697374656E74436F6C6C656374696F6E9B8CA200603B4E5502000949000A63616368656453697A655A000564697274795A000B696E697469616C697A65645A000D737065636A4C617A794C6F61644C00036B65797400164C6A6176612F696F2F53657269616C697A61626C653B4C00056F776E65727400124C6A6176612F6C616E672F4F626A6563743B4C0004726F6C6571007E00054C001273657373696F6E466163746F72795575696471007E00054C000E73746F726564536E617073686F7471007E00187870FFFFFFFF00000071007E001571007E00137400156D6F64656C2E5465726D2E6D696C6573746F6E65737070707400065465726D203274000763626F657363687371007E0016FFFFFFFF00000071007E000D71007E00097400236D6F64656C2E726F6C652E466163756C74792E7265717569726564426F6F6B696E67737070707371007E0016FFFFFFFF00000071007E000D71007E00097400276D6F64656C2E726F6C652E466163756C74792E756E617661696C61626C6554696D65736C6F74737070707E720011636F6E7374616E742E526573706F6E736500000000000000001200007871007E000F740008415050524F56454478,18,272),(28,1,'2013-10-03 20:51:55','2013-10-10 14:22:58','Fiona LEE',0xACED0005737200116A6176612E7574696C2E48617368536574BA44859596B8B7340300007870770C000000103F4000000000000078,NULL,0xACED0005737200116A6176612E7574696C2E486173684D61700507DAC1C31660D103000246000A6C6F6164466163746F724900097468726573686F6C6478703F4000000000000C77080000001000000001737200126D6F64656C2E726F6C652E466163756C747900000000000000010200024C00107265717569726564426F6F6B696E677374000F4C6A6176612F7574696C2F5365743B4C0014756E617661696C61626C6554696D65736C6F747371007E00037872000A6D6F64656C2E5573657200000000000000010200064C000866756C6C4E616D657400124C6A6176612F6C616E672F537472696E673B4C000269647400104C6A6176612F6C616E672F4C6F6E673B4C000C6D6F62696C654E756D62657271007E00054C0004726F6C6574000F4C636F6E7374616E742F526F6C653B4C00047465726D74000C4C6D6F64656C2F5465726D3B4C0008757365726E616D6571007E0005787074000C436872697320424F455343487372000E6A6176612E6C616E672E4C6F6E673B8BE490CC8F23DF0200014A000576616C7565787200106A6176612E6C616E672E4E756D62657286AC951D0B94E08B02000078700000000000000045707E72000D636F6E7374616E742E526F6C6500000000000000001200007872000E6A6176612E6C616E672E456E756D00000000000000001200007870740007464143554C54597372000A6D6F64656C2E5465726D000000000000000102000549000C61636164656D6963596561724C000B646973706C61794E616D6571007E00054C0002696471007E00064C000A6D696C6573746F6E657371007E00034C000873656D657374657271007E00057870000007DD74000E323031332D3134205465726D20327371007E000B00000000000000027372002F6F72672E68696265726E6174652E636F6C6C656374696F6E2E696E7465726E616C2E50657273697374656E7453657486E4FDA1F2EEE0AF0200014C000373657471007E00037872003E6F72672E68696265726E6174652E636F6C6C656374696F6E2E696E7465726E616C2E416273747261637450657273697374656E74436F6C6C656374696F6E9B8CA200603B4E5502000949000A63616368656453697A655A000564697274795A000B696E697469616C697A65645A000D737065636A4C617A794C6F61644C00036B65797400164C6A6176612F696F2F53657269616C697A61626C653B4C00056F776E65727400124C6A6176612F6C616E672F4F626A6563743B4C0004726F6C6571007E00054C001273657373696F6E466163746F72795575696471007E00054C000E73746F726564536E617073686F7471007E00187870FFFFFFFF00000071007E001571007E00137400156D6F64656C2E5465726D2E6D696C6573746F6E65737070707400065465726D203274000763626F657363687371007E0016FFFFFFFF00000071007E000D71007E00097400236D6F64656C2E726F6C652E466163756C74792E7265717569726564426F6F6B696E67737070707371007E0016FFFFFFFF00000071007E000D71007E00097400276D6F64656C2E726F6C652E466163756C74792E756E617661696C61626C6554696D65736C6F74737070707E720011636F6E7374616E742E526573706F6E736500000000000000001200007871007E000F740008415050524F56454478,16,374),(29,2,'2013-10-04 14:46:02','2013-10-07 03:00:00','IS480 Scheduling System',0xACED0005737200116A6176612E7574696C2E48617368536574BA44859596B8B7340300007870770C000000103F4000000000000078,'Faculty response overdue. Releasing timeslot.',0xACED0005737200116A6176612E7574696C2E486173684D61700507DAC1C31660D103000246000A6C6F6164466163746F724900097468726573686F6C6478703F4000000000000C77080000001000000001737200126D6F64656C2E726F6C652E466163756C747900000000000000010200024C00107265717569726564426F6F6B696E677374000F4C6A6176612F7574696C2F5365743B4C0014756E617661696C61626C6554696D65736C6F747371007E00037872000A6D6F64656C2E5573657200000000000000010200064C000866756C6C4E616D657400124C6A6176612F6C616E672F537472696E673B4C000269647400104C6A6176612F6C616E672F4C6F6E673B4C000C6D6F62696C654E756D62657271007E00054C0004726F6C6574000F4C636F6E7374616E742F526F6C653B4C00047465726D74000C4C6D6F64656C2F5465726D3B4C0008757365726E616D6571007E0005787074000D5365656D612043484F4B5348497372000E6A6176612E6C616E672E4C6F6E673B8BE490CC8F23DF0200014A000576616C7565787200106A6176612E6C616E672E4E756D62657286AC951D0B94E08B02000078700000000000000048707E72000D636F6E7374616E742E526F6C6500000000000000001200007872000E6A6176612E6C616E672E456E756D00000000000000001200007870740007464143554C54597372000A6D6F64656C2E5465726D000000000000000102000549000C61636164656D6963596561724C000B646973706C61794E616D6571007E00054C0002696471007E00064C000A6D696C6573746F6E657371007E00034C000873656D657374657271007E00057870000007DD74000E323031332D3134205465726D20327371007E000B00000000000000027372002F6F72672E68696265726E6174652E636F6C6C656374696F6E2E696E7465726E616C2E50657273697374656E7453657486E4FDA1F2EEE0AF0200014C000373657471007E00037872003E6F72672E68696265726E6174652E636F6C6C656374696F6E2E696E7465726E616C2E416273747261637450657273697374656E74436F6C6C656374696F6E9B8CA200603B4E5502000949000A63616368656453697A655A000564697274795A000B696E697469616C697A65645A000D737065636A4C617A794C6F61644C00036B65797400164C6A6176612F696F2F53657269616C697A61626C653B4C00056F776E65727400124C6A6176612F6C616E672F4F626A6563743B4C0004726F6C6571007E00054C001273657373696F6E466163746F72795575696471007E00054C000E73746F726564536E617073686F7471007E00187870FFFFFFFF00000071007E001571007E00137400156D6F64656C2E5465726D2E6D696C6573746F6E65737070707400065465726D20327400067365656D61637371007E0016FFFFFFFF00000071007E000D71007E00097400236D6F64656C2E726F6C652E466163756C74792E7265717569726564426F6F6B696E67737070707371007E0016FFFFFFFF00000071007E000D71007E00097400276D6F64656C2E726F6C652E466163756C74792E756E617661696C61626C6554696D65736C6F74737070707E720011636F6E7374616E742E526573706F6E736500000000000000001200007871007E000F74000750454E44494E4778,38,377),(30,1,'2013-10-05 13:38:58','2013-10-10 14:22:50','Fiona LEE',0xACED0005737200116A6176612E7574696C2E48617368536574BA44859596B8B7340300007870770C000000103F4000000000000274001458696F6E672D5765692E576F6F4073632E636F6D7400106C636B6F6840736D752E6564752E736778,NULL,0xACED0005737200116A6176612E7574696C2E486173684D61700507DAC1C31660D103000246000A6C6F6164466163746F724900097468726573686F6C6478703F4000000000000C77080000001000000001737200126D6F64656C2E726F6C652E466163756C747900000000000000010200024C00107265717569726564426F6F6B696E677374000F4C6A6176612F7574696C2F5365743B4C0014756E617661696C61626C6554696D65736C6F747371007E00037872000A6D6F64656C2E5573657200000000000000010200064C000866756C6C4E616D657400124C6A6176612F6C616E672F537472696E673B4C000269647400104C6A6176612F6C616E672F4C6F6E673B4C000C6D6F62696C654E756D62657271007E00054C0004726F6C6574000F4C636F6E7374616E742F526F6C653B4C00047465726D74000C4C6D6F64656C2F5465726D3B4C0008757365726E616D6571007E0005787074001542656E6A616D696E2047414E204B6F6B20536965777372000E6A6176612E6C616E672E4C6F6E673B8BE490CC8F23DF0200014A000576616C7565787200106A6176612E6C616E672E4E756D62657286AC951D0B94E08B02000078700000000000000044707E72000D636F6E7374616E742E526F6C6500000000000000001200007872000E6A6176612E6C616E672E456E756D00000000000000001200007870740007464143554C54597372000A6D6F64656C2E5465726D000000000000000102000549000C61636164656D6963596561724C000B646973706C61794E616D6571007E00054C0002696471007E00064C000A6D696C6573746F6E657371007E00034C000873656D657374657271007E00057870000007DD74000E323031332D3134205465726D20327371007E000B00000000000000027372002F6F72672E68696265726E6174652E636F6C6C656374696F6E2E696E7465726E616C2E50657273697374656E7453657486E4FDA1F2EEE0AF0200014C000373657471007E00037872003E6F72672E68696265726E6174652E636F6C6C656374696F6E2E696E7465726E616C2E416273747261637450657273697374656E74436F6C6C656374696F6E9B8CA200603B4E5502000949000A63616368656453697A655A000564697274795A000B696E697469616C697A65645A000D737065636A4C617A794C6F61644C00036B65797400164C6A6176612F696F2F53657269616C697A61626C653B4C00056F776E65727400124C6A6176612F6C616E672F4F626A6563743B4C0004726F6C6571007E00054C001273657373696F6E466163746F72795575696471007E00054C000E73746F726564536E617073686F7471007E00187870FFFFFFFF00000071007E001571007E00137400156D6F64656C2E5465726D2E6D696C6573746F6E65737070707400065465726D203274000B62656E6A616D696E67616E7371007E0016FFFFFFFF00000071007E000D71007E00097400236D6F64656C2E726F6C652E466163756C74792E7265717569726564426F6F6B696E67737070707371007E0016FFFFFFFF00000071007E000D71007E00097400276D6F64656C2E726F6C652E466163756C74792E756E617661696C61626C6554696D65736C6F74737070707E720011636F6E7374616E742E526573706F6E736500000000000000001200007871007E000F740008415050524F56454478,14,287),(31,3,'2013-10-06 23:05:26','2013-10-06 23:06:59','KUEK Xiu Hao',0xACED0005737200116A6176612E7574696C2E48617368536574BA44859596B8B7340300007870770C000000103F4000000000000078,NULL,0xACED0005737200116A6176612E7574696C2E486173684D61700507DAC1C31660D103000246000A6C6F6164466163746F724900097468726573686F6C6478703F4000000000000C77080000001000000001737200126D6F64656C2E726F6C652E466163756C747900000000000000010200024C00107265717569726564426F6F6B696E677374000F4C6A6176612F7574696C2F5365743B4C0014756E617661696C61626C6554696D65736C6F747371007E00037872000A6D6F64656C2E5573657200000000000000010200064C000866756C6C4E616D657400124C6A6176612F6C616E672F537472696E673B4C000269647400104C6A6176612F6C616E672F4C6F6E673B4C000C6D6F62696C654E756D62657271007E00054C0004726F6C6574000F4C636F6E7374616E742F526F6C653B4C00047465726D74000C4C6D6F64656C2F5465726D3B4C0008757365726E616D6571007E0005787074000D5365656D612043484F4B5348497372000E6A6176612E6C616E672E4C6F6E673B8BE490CC8F23DF0200014A000576616C7565787200106A6176612E6C616E672E4E756D62657286AC951D0B94E08B02000078700000000000000048707E72000D636F6E7374616E742E526F6C6500000000000000001200007872000E6A6176612E6C616E672E456E756D00000000000000001200007870740007464143554C54597372000A6D6F64656C2E5465726D000000000000000102000549000C61636164656D6963596561724C000B646973706C61794E616D6571007E00054C0002696471007E00064C000A6D696C6573746F6E657371007E00034C000873656D657374657271007E00057870000007DD74000E323031332D3134205465726D20327371007E000B00000000000000027372002F6F72672E68696265726E6174652E636F6C6C656374696F6E2E696E7465726E616C2E50657273697374656E7453657486E4FDA1F2EEE0AF0200014C000373657471007E00037872003E6F72672E68696265726E6174652E636F6C6C656374696F6E2E696E7465726E616C2E416273747261637450657273697374656E74436F6C6C656374696F6E9B8CA200603B4E5502000949000A63616368656453697A655A000564697274795A000B696E697469616C697A65645A000D737065636A4C617A794C6F61644C00036B65797400164C6A6176612F696F2F53657269616C697A61626C653B4C00056F776E65727400124C6A6176612F6C616E672F4F626A6563743B4C0004726F6C6571007E00054C001273657373696F6E466163746F72795575696471007E00054C000E73746F726564536E617073686F7471007E00187870FFFFFFFF00000071007E001571007E00137400156D6F64656C2E5465726D2E6D696C6573746F6E65737070707400065465726D20327400067365656D61637371007E0016FFFFFFFF00000071007E000D71007E00097400236D6F64656C2E726F6C652E466163756C74792E7265717569726564426F6F6B696E67737070707371007E0016FFFFFFFF00000071007E000D71007E00097400276D6F64656C2E726F6C652E466163756C74792E756E617661696C61626C6554696D65736C6F74737070707E720011636F6E7374616E742E526573706F6E736500000000000000001200007871007E000F74000750454E44494E4778,35,376),(32,2,'2013-10-06 23:07:06','2013-10-09 03:00:00','IS480 Scheduling System',0xACED0005737200116A6176612E7574696C2E48617368536574BA44859596B8B7340300007870770C000000103F4000000000000078,'Faculty response overdue. Releasing timeslot.',0xACED0005737200116A6176612E7574696C2E486173684D61700507DAC1C31660D103000246000A6C6F6164466163746F724900097468726573686F6C6478703F4000000000000C77080000001000000001737200126D6F64656C2E726F6C652E466163756C747900000000000000010200024C00107265717569726564426F6F6B696E677374000F4C6A6176612F7574696C2F5365743B4C0014756E617661696C61626C6554696D65736C6F747371007E00037872000A6D6F64656C2E5573657200000000000000010200064C000866756C6C4E616D657400124C6A6176612F6C616E672F537472696E673B4C000269647400104C6A6176612F6C616E672F4C6F6E673B4C000C6D6F62696C654E756D62657271007E00054C0004726F6C6574000F4C636F6E7374616E742F526F6C653B4C00047465726D74000C4C6D6F64656C2F5465726D3B4C0008757365726E616D6571007E0005787074000D5365656D612043484F4B5348497372000E6A6176612E6C616E672E4C6F6E673B8BE490CC8F23DF0200014A000576616C7565787200106A6176612E6C616E672E4E756D62657286AC951D0B94E08B02000078700000000000000048707E72000D636F6E7374616E742E526F6C6500000000000000001200007872000E6A6176612E6C616E672E456E756D00000000000000001200007870740007464143554C54597372000A6D6F64656C2E5465726D000000000000000102000549000C61636164656D6963596561724C000B646973706C61794E616D6571007E00054C0002696471007E00064C000A6D696C6573746F6E657371007E00034C000873656D657374657271007E00057870000007DD74000E323031332D3134205465726D20327371007E000B00000000000000027372002F6F72672E68696265726E6174652E636F6C6C656374696F6E2E696E7465726E616C2E50657273697374656E7453657486E4FDA1F2EEE0AF0200014C000373657471007E00037872003E6F72672E68696265726E6174652E636F6C6C656374696F6E2E696E7465726E616C2E416273747261637450657273697374656E74436F6C6C656374696F6E9B8CA200603B4E5502000949000A63616368656453697A655A000564697274795A000B696E697469616C697A65645A000D737065636A4C617A794C6F61644C00036B65797400164C6A6176612F696F2F53657269616C697A61626C653B4C00056F776E65727400124C6A6176612F6C616E672F4F626A6563743B4C0004726F6C6571007E00054C001273657373696F6E466163746F72795575696471007E00054C000E73746F726564536E617073686F7471007E00187870FFFFFFFF00000071007E001571007E00137400156D6F64656C2E5465726D2E6D696C6573746F6E65737070707400065465726D20327400067365656D61637371007E0016FFFFFFFF00000071007E000D71007E00097400236D6F64656C2E726F6C652E466163756C74792E7265717569726564426F6F6B696E67737070707371007E0016FFFFFFFF00000071007E000D71007E00097400276D6F64656C2E726F6C652E466163756C74792E756E617661696C61626C6554696D65736C6F74737070707E720011636F6E7374616E742E526573706F6E736500000000000000001200007871007E000F74000750454E44494E4778,35,273),(33,1,'2013-10-09 06:16:59','2013-10-10 14:23:02','Fiona LEE',0xACED0005737200116A6176612E7574696C2E48617368536574BA44859596B8B7340300007870770C000000103F4000000000000078,NULL,0xACED0005737200116A6176612E7574696C2E486173684D61700507DAC1C31660D103000246000A6C6F6164466163746F724900097468726573686F6C6478703F4000000000000C77080000001000000001737200126D6F64656C2E726F6C652E466163756C747900000000000000010200024C00107265717569726564426F6F6B696E677374000F4C6A6176612F7574696C2F5365743B4C0014756E617661696C61626C6554696D65736C6F747371007E00037872000A6D6F64656C2E5573657200000000000000010200064C000866756C6C4E616D657400124C6A6176612F6C616E672F537472696E673B4C000269647400104C6A6176612F6C616E672F4C6F6E673B4C000C6D6F62696C654E756D62657271007E00054C0004726F6C6574000F4C636F6E7374616E742F526F6C653B4C00047465726D74000C4C6D6F64656C2F5465726D3B4C0008757365726E616D6571007E0005787074000D5365656D612043484F4B5348497372000E6A6176612E6C616E672E4C6F6E673B8BE490CC8F23DF0200014A000576616C7565787200106A6176612E6C616E672E4E756D62657286AC951D0B94E08B02000078700000000000000048707E72000D636F6E7374616E742E526F6C6500000000000000001200007872000E6A6176612E6C616E672E456E756D00000000000000001200007870740007464143554C54597372000A6D6F64656C2E5465726D000000000000000102000549000C61636164656D6963596561724C000B646973706C61794E616D6571007E00054C0002696471007E00064C000A6D696C6573746F6E657371007E00034C000873656D657374657271007E00057870000007DD74000E323031332D3134205465726D20327371007E000B00000000000000027372002F6F72672E68696265726E6174652E636F6C6C656374696F6E2E696E7465726E616C2E50657273697374656E7453657486E4FDA1F2EEE0AF0200014C000373657471007E00037872003E6F72672E68696265726E6174652E636F6C6C656374696F6E2E696E7465726E616C2E416273747261637450657273697374656E74436F6C6C656374696F6E9B8CA200603B4E5502000949000A63616368656453697A655A000564697274795A000B696E697469616C697A65645A000D737065636A4C617A794C6F61644C00036B65797400164C6A6176612F696F2F53657269616C697A61626C653B4C00056F776E65727400124C6A6176612F6C616E672F4F626A6563743B4C0004726F6C6571007E00054C001273657373696F6E466163746F72795575696471007E00054C000E73746F726564536E617073686F7471007E00187870FFFFFFFF00000071007E001571007E00137400156D6F64656C2E5465726D2E6D696C6573746F6E65737070707400065465726D20327400067365656D61637371007E0016FFFFFFFF00000071007E000D71007E00097400236D6F64656C2E726F6C652E466163756C74792E7265717569726564426F6F6B696E67737070707371007E0016FFFFFFFF00000071007E000D71007E00097400276D6F64656C2E726F6C652E466163756C74792E756E617661696C61626C6554696D65736C6F74737070707E720011636F6E7374616E742E526573706F6E736500000000000000001200007871007E000F740008415050524F56454478,35,273),(34,1,'2013-10-09 19:34:07','2013-10-10 14:23:43','Fiona LEE',0xACED0005737200116A6176612E7574696C2E48617368536574BA44859596B8B7340300007870770C000000103F40000000000003740017616C616E6D6567617267656C40736D752E6564752E73677400146B736368616B4073747265616D2E636F6D2E736774001A766963746F722E6C65652E3230313140736D752E6564752E736778,NULL,0xACED0005737200116A6176612E7574696C2E486173684D61700507DAC1C31660D103000246000A6C6F6164466163746F724900097468726573686F6C6478703F4000000000000C77080000001000000001737200126D6F64656C2E726F6C652E466163756C747900000000000000010200024C00107265717569726564426F6F6B696E677374000F4C6A6176612F7574696C2F5365743B4C0014756E617661696C61626C6554696D65736C6F747371007E00037872000A6D6F64656C2E5573657200000000000000010200064C000866756C6C4E616D657400124C6A6176612F6C616E672F537472696E673B4C000269647400104C6A6176612F6C616E672F4C6F6E673B4C000C6D6F62696C654E756D62657271007E00054C0004726F6C6574000F4C636F6E7374616E742F526F6C653B4C00047465726D74000C4C6D6F64656C2F5465726D3B4C0008757365726E616D6571007E0005787074001542656E6A616D696E2047414E204B6F6B20536965777372000E6A6176612E6C616E672E4C6F6E673B8BE490CC8F23DF0200014A000576616C7565787200106A6176612E6C616E672E4E756D62657286AC951D0B94E08B02000078700000000000000044707E72000D636F6E7374616E742E526F6C6500000000000000001200007872000E6A6176612E6C616E672E456E756D00000000000000001200007870740007464143554C54597372000A6D6F64656C2E5465726D000000000000000102000549000C61636164656D6963596561724C000B646973706C61794E616D6571007E00054C0002696471007E00064C000A6D696C6573746F6E657371007E00034C000873656D657374657271007E00057870000007DD74000E323031332D3134205465726D20327371007E000B00000000000000027372002F6F72672E68696265726E6174652E636F6C6C656374696F6E2E696E7465726E616C2E50657273697374656E7453657486E4FDA1F2EEE0AF0200014C000373657471007E00037872003E6F72672E68696265726E6174652E636F6C6C656374696F6E2E696E7465726E616C2E416273747261637450657273697374656E74436F6C6C656374696F6E9B8CA200603B4E5502000949000A63616368656453697A655A000564697274795A000B696E697469616C697A65645A000D737065636A4C617A794C6F61644C00036B65797400164C6A6176612F696F2F53657269616C697A61626C653B4C00056F776E65727400124C6A6176612F6C616E672F4F626A6563743B4C0004726F6C6571007E00054C001273657373696F6E466163746F72795575696471007E00054C000E73746F726564536E617073686F7471007E00187870FFFFFFFF00000071007E001571007E00137400156D6F64656C2E5465726D2E6D696C6573746F6E65737070707400065465726D203274000B62656E6A616D696E67616E7371007E0016FFFFFFFF00000071007E000D71007E00097400236D6F64656C2E726F6C652E466163756C74792E7265717569726564426F6F6B696E67737070707371007E0016FFFFFFFF00000071007E000D71007E00097400276D6F64656C2E726F6C652E466163756C74792E756E617661696C61626C6554696D65736C6F74737070707E720011636F6E7374616E742E526573706F6E736500000000000000001200007871007E000F740008415050524F56454478,28,379),(35,1,'2013-10-10 14:14:53','2013-10-10 17:31:42','Alan MEGARGEL',0xACED0005737200116A6176612E7574696C2E48617368536574BA44859596B8B7340300007870770C000000103F4000000000000078,NULL,0xACED0005737200116A6176612E7574696C2E486173684D61700507DAC1C31660D103000246000A6C6F6164466163746F724900097468726573686F6C6478703F4000000000000C77080000001000000001737200126D6F64656C2E726F6C652E466163756C747900000000000000010200024C00107265717569726564426F6F6B696E677374000F4C6A6176612F7574696C2F5365743B4C0014756E617661696C61626C6554696D65736C6F747371007E00037872000A6D6F64656C2E5573657200000000000000010200064C000866756C6C4E616D657400124C6A6176612F6C616E672F537472696E673B4C000269647400104C6A6176612F6C616E672F4C6F6E673B4C000C6D6F62696C654E756D62657271007E00054C0004726F6C6574000F4C636F6E7374616E742F526F6C653B4C00047465726D74000C4C6D6F64656C2F5465726D3B4C0008757365726E616D6571007E0005787074000D416C616E204D4547415247454C7372000E6A6176612E6C616E672E4C6F6E673B8BE490CC8F23DF0200014A000576616C7565787200106A6176612E6C616E672E4E756D62657286AC951D0B94E08B02000078700000000000000043707E72000D636F6E7374616E742E526F6C6500000000000000001200007872000E6A6176612E6C616E672E456E756D00000000000000001200007870740007464143554C54597372000A6D6F64656C2E5465726D000000000000000102000549000C61636164656D6963596561724C000B646973706C61794E616D6571007E00054C0002696471007E00064C000A6D696C6573746F6E657371007E00034C000873656D657374657271007E00057870000007DD74000E323031332D3134205465726D20327371007E000B00000000000000027372002F6F72672E68696265726E6174652E636F6C6C656374696F6E2E696E7465726E616C2E50657273697374656E7453657486E4FDA1F2EEE0AF0200014C000373657471007E00037872003E6F72672E68696265726E6174652E636F6C6C656374696F6E2E696E7465726E616C2E416273747261637450657273697374656E74436F6C6C656374696F6E9B8CA200603B4E5502000949000A63616368656453697A655A000564697274795A000B696E697469616C697A65645A000D737065636A4C617A794C6F61644C00036B65797400164C6A6176612F696F2F53657269616C697A61626C653B4C00056F776E65727400124C6A6176612F6C616E672F4F626A6563743B4C0004726F6C6571007E00054C001273657373696F6E466163746F72795575696471007E00054C000E73746F726564536E617073686F7471007E00187870FFFFFFFF00000071007E001571007E00137400156D6F64656C2E5465726D2E6D696C6573746F6E65737070707400065465726D203274000C616C616E6D6567617267656C7371007E0016FFFFFFFF00000071007E000D71007E00097400236D6F64656C2E726F6C652E466163756C74792E7265717569726564426F6F6B696E67737070707371007E0016FFFFFFFF00000071007E000D71007E00097400276D6F64656C2E726F6C652E466163756C74792E756E617661696C61626C6554696D65736C6F74737070707E720011636F6E7374616E742E526573706F6E736500000000000000001200007871007E000F740008415050524F56454478,27,377),(36,1,'2013-10-11 12:41:39','2013-10-11 14:05:42','Benjamin GAN Kok Siew',0xACED0005737200116A6176612E7574696C2E48617368536574BA44859596B8B7340300007870770C000000103F4000000000000078,NULL,0xACED0005737200116A6176612E7574696C2E486173684D61700507DAC1C31660D103000246000A6C6F6164466163746F724900097468726573686F6C6478703F4000000000000C77080000001000000001737200126D6F64656C2E726F6C652E466163756C747900000000000000010200024C00107265717569726564426F6F6B696E677374000F4C6A6176612F7574696C2F5365743B4C0014756E617661696C61626C6554696D65736C6F747371007E00037872000A6D6F64656C2E5573657200000000000000010200064C000866756C6C4E616D657400124C6A6176612F6C616E672F537472696E673B4C000269647400104C6A6176612F6C616E672F4C6F6E673B4C000C6D6F62696C654E756D62657271007E00054C0004726F6C6574000F4C636F6E7374616E742F526F6C653B4C00047465726D74000C4C6D6F64656C2F5465726D3B4C0008757365726E616D6571007E0005787074001542656E6A616D696E2047414E204B6F6B20536965777372000E6A6176612E6C616E672E4C6F6E673B8BE490CC8F23DF0200014A000576616C7565787200106A6176612E6C616E672E4E756D62657286AC951D0B94E08B02000078700000000000000044707E72000D636F6E7374616E742E526F6C6500000000000000001200007872000E6A6176612E6C616E672E456E756D00000000000000001200007870740007464143554C54597372000A6D6F64656C2E5465726D000000000000000102000549000C61636164656D6963596561724C000B646973706C61794E616D6571007E00054C0002696471007E00064C000A6D696C6573746F6E657371007E00034C000873656D657374657271007E00057870000007DD74000E323031332D3134205465726D20327371007E000B00000000000000027372002F6F72672E68696265726E6174652E636F6C6C656374696F6E2E696E7465726E616C2E50657273697374656E7453657486E4FDA1F2EEE0AF0200014C000373657471007E00037872003E6F72672E68696265726E6174652E636F6C6C656374696F6E2E696E7465726E616C2E416273747261637450657273697374656E74436F6C6C656374696F6E9B8CA200603B4E5502000949000A63616368656453697A655A000564697274795A000B696E697469616C697A65645A000D737065636A4C617A794C6F61644C00036B65797400164C6A6176612F696F2F53657269616C697A61626C653B4C00056F776E65727400124C6A6176612F6C616E672F4F626A6563743B4C0004726F6C6571007E00054C001273657373696F6E466163746F72795575696471007E00054C000E73746F726564536E617073686F7471007E00187870FFFFFFFF00000071007E001571007E00137400156D6F64656C2E5465726D2E6D696C6573746F6E65737070707400065465726D203274000B62656E6A616D696E67616E7371007E0016FFFFFFFF00000071007E000D71007E00097400236D6F64656C2E726F6C652E466163756C74792E7265717569726564426F6F6B696E67737070707371007E0016FFFFFFFF00000071007E000D71007E00097400276D6F64656C2E726F6C652E466163756C74792E756E617661696C61626C6554696D65736C6F74737070707E720011636F6E7374616E742E526573706F6E736500000000000000001200007871007E000F740008415050524F56454478,34,370),(37,3,'2013-10-11 18:44:19','2013-10-11 18:59:45','Edward Young TANOJO',0xACED0005737200116A6176612E7574696C2E48617368536574BA44859596B8B7340300007870770C000000103F4000000000000174000D6A69616E676C696E677869616F78,NULL,0xACED0005737200116A6176612E7574696C2E486173684D61700507DAC1C31660D103000246000A6C6F6164466163746F724900097468726573686F6C6478703F4000000000000C77080000001000000001737200126D6F64656C2E726F6C652E466163756C747900000000000000010200024C00107265717569726564426F6F6B696E677374000F4C6A6176612F7574696C2F5365743B4C0014756E617661696C61626C6554696D65736C6F747371007E00037872000A6D6F64656C2E5573657200000000000000010200064C000866756C6C4E616D657400124C6A6176612F6C616E672F537472696E673B4C000269647400104C6A6176612F6C616E672F4C6F6E673B4C000C6D6F62696C654E756D62657271007E00054C0004726F6C6574000F4C636F6E7374616E742F526F6C653B4C00047465726D74000C4C6D6F64656C2F5465726D3B4C0008757365726E616D6571007E0005787074000E4A49414E47204C696E677869616F7372000E6A6176612E6C616E672E4C6F6E673B8BE490CC8F23DF0200014A000576616C7565787200106A6176612E6C616E672E4E756D62657286AC951D0B94E08B02000078700000000000000047707E72000D636F6E7374616E742E526F6C6500000000000000001200007872000E6A6176612E6C616E672E456E756D00000000000000001200007870740007464143554C54597372000A6D6F64656C2E5465726D000000000000000102000549000C61636164656D6963596561724C000B646973706C61794E616D6571007E00054C0002696471007E00064C000A6D696C6573746F6E657371007E00034C000873656D657374657271007E00057870000007DD74000E323031332D3134205465726D20327371007E000B00000000000000027372002F6F72672E68696265726E6174652E636F6C6C656374696F6E2E696E7465726E616C2E50657273697374656E7453657486E4FDA1F2EEE0AF0200014C000373657471007E00037872003E6F72672E68696265726E6174652E636F6C6C656374696F6E2E696E7465726E616C2E416273747261637450657273697374656E74436F6C6C656374696F6E9B8CA200603B4E5502000949000A63616368656453697A655A000564697274795A000B696E697469616C697A65645A000D737065636A4C617A794C6F61644C00036B65797400164C6A6176612F696F2F53657269616C697A61626C653B4C00056F776E65727400124C6A6176612F6C616E672F4F626A6563743B4C0004726F6C6571007E00054C001273657373696F6E466163746F72795575696471007E00054C000E73746F726564536E617073686F7471007E00187870FFFFFFFF00000071007E001571007E00137400156D6F64656C2E5465726D2E6D696C6573746F6E65737070707400065465726D20327400076C786A69616E677371007E0016FFFFFFFF00000071007E000D71007E00097400236D6F64656C2E726F6C652E466163756C74792E7265717569726564426F6F6B696E67737070707371007E0016FFFFFFFF00000071007E000D71007E00097400276D6F64656C2E726F6C652E466163756C74792E756E617661696C61626C6554696D65736C6F74737070707E720011636F6E7374616E742E526573706F6E736500000000000000001200007871007E000F74000750454E44494E4778,23,280),(38,1,'2013-10-11 23:54:40','2013-10-14 01:44:27','JIANG Lingxiao',0xACED0005737200116A6176612E7574696C2E48617368536574BA44859596B8B7340300007870770C000000103F40000000000002740019416E62755372696E69766173616E406964736D65642E636F6D7400126C786A69616E6740736D752E6564752E736778,NULL,0xACED0005737200116A6176612E7574696C2E486173684D61700507DAC1C31660D103000246000A6C6F6164466163746F724900097468726573686F6C6478703F4000000000000C77080000001000000001737200126D6F64656C2E726F6C652E466163756C747900000000000000010200024C00107265717569726564426F6F6B696E677374000F4C6A6176612F7574696C2F5365743B4C0014756E617661696C61626C6554696D65736C6F747371007E00037872000A6D6F64656C2E5573657200000000000000010200064C000866756C6C4E616D657400124C6A6176612F6C616E672F537472696E673B4C000269647400104C6A6176612F6C616E672F4C6F6E673B4C000C6D6F62696C654E756D62657271007E00054C0004726F6C6574000F4C636F6E7374616E742F526F6C653B4C00047465726D74000C4C6D6F64656C2F5465726D3B4C0008757365726E616D6571007E0005787074000E4A49414E47204C696E677869616F7372000E6A6176612E6C616E672E4C6F6E673B8BE490CC8F23DF0200014A000576616C7565787200106A6176612E6C616E672E4E756D62657286AC951D0B94E08B02000078700000000000000047707E72000D636F6E7374616E742E526F6C6500000000000000001200007872000E6A6176612E6C616E672E456E756D00000000000000001200007870740007464143554C54597372000A6D6F64656C2E5465726D000000000000000102000549000C61636164656D6963596561724C000B646973706C61794E616D6571007E00054C0002696471007E00064C000A6D696C6573746F6E657371007E00034C000873656D657374657271007E00057870000007DD74000E323031332D3134205465726D20327371007E000B00000000000000027372002F6F72672E68696265726E6174652E636F6C6C656374696F6E2E696E7465726E616C2E50657273697374656E7453657486E4FDA1F2EEE0AF0200014C000373657471007E00037872003E6F72672E68696265726E6174652E636F6C6C656374696F6E2E696E7465726E616C2E416273747261637450657273697374656E74436F6C6C656374696F6E9B8CA200603B4E5502000949000A63616368656453697A655A000564697274795A000B696E697469616C697A65645A000D737065636A4C617A794C6F61644C00036B65797400164C6A6176612F696F2F53657269616C697A61626C653B4C00056F776E65727400124C6A6176612F6C616E672F4F626A6563743B4C0004726F6C6571007E00054C001273657373696F6E466163746F72795575696471007E00054C000E73746F726564536E617073686F7471007E00187870FFFFFFFF00000071007E001571007E00137400156D6F64656C2E5465726D2E6D696C6573746F6E65737070707400065465726D20327400076C786A69616E677371007E0016FFFFFFFF00000071007E000D71007E00097400236D6F64656C2E726F6C652E466163756C74792E7265717569726564426F6F6B696E67737070707371007E0016FFFFFFFF00000071007E000D71007E00097400276D6F64656C2E726F6C652E466163756C74792E756E617661696C61626C6554696D65736C6F74737070707E720011636F6E7374616E742E526573706F6E736500000000000000001200007871007E000F740008415050524F56454478,23,281),(39,2,'2013-10-12 18:47:50','2013-10-15 03:00:00','IS480 Scheduling System',0xACED0005737200116A6176612E7574696C2E48617368536574BA44859596B8B7340300007870770C000000103F4000000000000078,'Faculty response overdue. Releasing timeslot.',0xACED0005737200116A6176612E7574696C2E486173684D61700507DAC1C31660D103000246000A6C6F6164466163746F724900097468726573686F6C6478703F4000000000000C77080000001000000001737200126D6F64656C2E726F6C652E466163756C747900000000000000010200024C00107265717569726564426F6F6B696E677374000F4C6A6176612F7574696C2F5365743B4C0014756E617661696C61626C6554696D65736C6F747371007E00037872000A6D6F64656C2E5573657200000000000000010200064C000866756C6C4E616D657400124C6A6176612F6C616E672F537472696E673B4C000269647400104C6A6176612F6C616E672F4C6F6E673B4C000C6D6F62696C654E756D62657271007E00054C0004726F6C6574000F4C636F6E7374616E742F526F6C653B4C00047465726D74000C4C6D6F64656C2F5465726D3B4C0008757365726E616D6571007E0005787074000D5365656D612043484F4B5348497372000E6A6176612E6C616E672E4C6F6E673B8BE490CC8F23DF0200014A000576616C7565787200106A6176612E6C616E672E4E756D62657286AC951D0B94E08B02000078700000000000000048707E72000D636F6E7374616E742E526F6C6500000000000000001200007872000E6A6176612E6C616E672E456E756D00000000000000001200007870740007464143554C54597372000A6D6F64656C2E5465726D000000000000000102000549000C61636164656D6963596561724C000B646973706C61794E616D6571007E00054C0002696471007E00064C000A6D696C6573746F6E657371007E00034C000873656D657374657271007E00057870000007DD74000E323031332D3134205465726D20327371007E000B00000000000000027372002F6F72672E68696265726E6174652E636F6C6C656374696F6E2E696E7465726E616C2E50657273697374656E7453657486E4FDA1F2EEE0AF0200014C000373657471007E00037872003E6F72672E68696265726E6174652E636F6C6C656374696F6E2E696E7465726E616C2E416273747261637450657273697374656E74436F6C6C656374696F6E9B8CA200603B4E5502000949000A63616368656453697A655A000564697274795A000B696E697469616C697A65645A000D737065636A4C617A794C6F61644C00036B65797400164C6A6176612F696F2F53657269616C697A61626C653B4C00056F776E65727400124C6A6176612F6C616E672F4F626A6563743B4C0004726F6C6571007E00054C001273657373696F6E466163746F72795575696471007E00054C000E73746F726564536E617073686F7471007E00187870FFFFFFFF00000071007E001571007E00137400156D6F64656C2E5465726D2E6D696C6573746F6E65737070707400065465726D20327400067365656D61637371007E0016FFFFFFFF00000071007E000D71007E00097400236D6F64656C2E726F6C652E466163756C74792E7265717569726564426F6F6B696E67737070707371007E0016FFFFFFFF00000071007E000D71007E00097400276D6F64656C2E726F6C652E466163756C74792E756E617661696C61626C6554696D65736C6F74737070707E720011636F6E7374616E742E526573706F6E736500000000000000001200007871007E000F74000750454E44494E4778,38,452),(40,3,'2013-10-14 19:49:10','2013-10-15 12:10:41','HE Wenxuan',0xACED0005737200116A6176612E7574696C2E48617368536574BA44859596B8B7340300007870770C000000103F40000000000001740013616C66726564777540736D752E6564752E736778,NULL,0xACED0005737200116A6176612E7574696C2E486173684D61700507DAC1C31660D103000246000A6C6F6164466163746F724900097468726573686F6C6478703F4000000000000C77080000001000000001737200126D6F64656C2E726F6C652E466163756C747900000000000000010200024C00107265717569726564426F6F6B696E677374000F4C6A6176612F7574696C2F5365743B4C0014756E617661696C61626C6554696D65736C6F747371007E00037872000A6D6F64656C2E5573657200000000000000010200064C000866756C6C4E616D657400124C6A6176612F6C616E672F537472696E673B4C000269647400104C6A6176612F6C616E672F4C6F6E673B4C000C6D6F62696C654E756D62657271007E00054C0004726F6C6574000F4C636F6E7374616E742F526F6C653B4C00047465726D74000C4C6D6F64656C2F5465726D3B4C0008757365726E616D6571007E0005787074000D5365656D612043484F4B5348497372000E6A6176612E6C616E672E4C6F6E673B8BE490CC8F23DF0200014A000576616C7565787200106A6176612E6C616E672E4E756D62657286AC951D0B94E08B02000078700000000000000048707E72000D636F6E7374616E742E526F6C6500000000000000001200007872000E6A6176612E6C616E672E456E756D00000000000000001200007870740007464143554C54597372000A6D6F64656C2E5465726D000000000000000102000549000C61636164656D6963596561724C000B646973706C61794E616D6571007E00054C0002696471007E00064C000A6D696C6573746F6E657371007E00034C000873656D657374657271007E00057870000007DD74000E323031332D3134205465726D20327371007E000B00000000000000027372002F6F72672E68696265726E6174652E636F6C6C656374696F6E2E696E7465726E616C2E50657273697374656E7453657486E4FDA1F2EEE0AF0200014C000373657471007E00037872003E6F72672E68696265726E6174652E636F6C6C656374696F6E2E696E7465726E616C2E416273747261637450657273697374656E74436F6C6C656374696F6E9B8CA200603B4E5502000949000A63616368656453697A655A000564697274795A000B696E697469616C697A65645A000D737065636A4C617A794C6F61644C00036B65797400164C6A6176612F696F2F53657269616C697A61626C653B4C00056F776E65727400124C6A6176612F6C616E672F4F626A6563743B4C0004726F6C6571007E00054C001273657373696F6E466163746F72795575696471007E00054C000E73746F726564536E617073686F7471007E00187870FFFFFFFF00000071007E001571007E00137400156D6F64656C2E5465726D2E6D696C6573746F6E65737070707400065465726D20327400067365656D61637371007E0016FFFFFFFF00000071007E000D71007E00097400236D6F64656C2E726F6C652E466163756C74792E7265717569726564426F6F6B696E67737070707371007E0016FFFFFFFF00000071007E000D71007E00097400276D6F64656C2E726F6C652E466163756C74792E756E617661696C61626C6554696D65736C6F74737070707E720011636F6E7374616E742E526573706F6E736500000000000000001200007871007E000F74000750454E44494E4778,37,277),(41,1,'2013-10-15 12:11:20','2013-10-16 11:27:37','Seema CHOKSHI',0xACED0005737200116A6176612E7574696C2E48617368536574BA44859596B8B7340300007870770C000000103F40000000000001740013616C66726564777540736D752E6564752E736778,NULL,0xACED0005737200116A6176612E7574696C2E486173684D61700507DAC1C31660D103000246000A6C6F6164466163746F724900097468726573686F6C6478703F4000000000000C77080000001000000001737200126D6F64656C2E726F6C652E466163756C747900000000000000010200024C00107265717569726564426F6F6B696E677374000F4C6A6176612F7574696C2F5365743B4C0014756E617661696C61626C6554696D65736C6F747371007E00037872000A6D6F64656C2E5573657200000000000000010200064C000866756C6C4E616D657400124C6A6176612F6C616E672F537472696E673B4C000269647400104C6A6176612F6C616E672F4C6F6E673B4C000C6D6F62696C654E756D62657271007E00054C0004726F6C6574000F4C636F6E7374616E742F526F6C653B4C00047465726D74000C4C6D6F64656C2F5465726D3B4C0008757365726E616D6571007E0005787074000D5365656D612043484F4B5348497372000E6A6176612E6C616E672E4C6F6E673B8BE490CC8F23DF0200014A000576616C7565787200106A6176612E6C616E672E4E756D62657286AC951D0B94E08B02000078700000000000000048707E72000D636F6E7374616E742E526F6C6500000000000000001200007872000E6A6176612E6C616E672E456E756D00000000000000001200007870740007464143554C54597372000A6D6F64656C2E5465726D000000000000000102000549000C61636164656D6963596561724C000B646973706C61794E616D6571007E00054C0002696471007E00064C000A6D696C6573746F6E657371007E00034C000873656D657374657271007E00057870000007DD74000E323031332D3134205465726D20327371007E000B00000000000000027372002F6F72672E68696265726E6174652E636F6C6C656374696F6E2E696E7465726E616C2E50657273697374656E7453657486E4FDA1F2EEE0AF0200014C000373657471007E00037872003E6F72672E68696265726E6174652E636F6C6C656374696F6E2E696E7465726E616C2E416273747261637450657273697374656E74436F6C6C656374696F6E9B8CA200603B4E5502000949000A63616368656453697A655A000564697274795A000B696E697469616C697A65645A000D737065636A4C617A794C6F61644C00036B65797400164C6A6176612F696F2F53657269616C697A61626C653B4C00056F776E65727400124C6A6176612F6C616E672F4F626A6563743B4C0004726F6C6571007E00054C001273657373696F6E466163746F72795575696471007E00054C000E73746F726564536E617073686F7471007E00187870FFFFFFFF00000071007E001571007E00137400156D6F64656C2E5465726D2E6D696C6573746F6E65737070707400065465726D20327400067365656D61637371007E0016FFFFFFFF00000071007E000D71007E00097400236D6F64656C2E726F6C652E466163756C74792E7265717569726564426F6F6B696E67737070707371007E0016FFFFFFFF00000071007E000D71007E00097400276D6F64656C2E726F6C652E466163756C74792E756E617661696C61626C6554696D65736C6F74737070707E720011636F6E7374616E742E526573706F6E736500000000000000001200007871007E000F740008415050524F56454478,37,280),(42,1,'2013-10-16 18:08:56','2013-10-16 20:08:37','Alan MEGARGEL',0xACED0005737200116A6176612E7574696C2E48617368536574BA44859596B8B7340300007870770C000000103F400000000000057400166A6C2E74616E2E3230313040736D752E6564752E7367740015776374616E2E3230313140736D752E6564752E7367740018616D686F6C6C656E2E3230313140736D752E6564752E736774001A686563746F722E73696D2E3230313140736D752E6564752E7367740019746F6D6D792E736F682E3230313140736D752E6564752E736778,NULL,0xACED0005737200116A6176612E7574696C2E486173684D61700507DAC1C31660D103000246000A6C6F6164466163746F724900097468726573686F6C6478703F4000000000000C77080000001000000001737200126D6F64656C2E726F6C652E466163756C747900000000000000010200024C00107265717569726564426F6F6B696E677374000F4C6A6176612F7574696C2F5365743B4C0014756E617661696C61626C6554696D65736C6F747371007E00037872000A6D6F64656C2E5573657200000000000000010200064C000866756C6C4E616D657400124C6A6176612F6C616E672F537472696E673B4C000269647400104C6A6176612F6C616E672F4C6F6E673B4C000C6D6F62696C654E756D62657271007E00054C0004726F6C6574000F4C636F6E7374616E742F526F6C653B4C00047465726D74000C4C6D6F64656C2F5465726D3B4C0008757365726E616D6571007E0005787074001542656E6A616D696E2047414E204B6F6B20536965777372000E6A6176612E6C616E672E4C6F6E673B8BE490CC8F23DF0200014A000576616C7565787200106A6176612E6C616E672E4E756D62657286AC951D0B94E08B02000078700000000000000044707E72000D636F6E7374616E742E526F6C6500000000000000001200007872000E6A6176612E6C616E672E456E756D00000000000000001200007870740007464143554C54597372000A6D6F64656C2E5465726D000000000000000102000549000C61636164656D6963596561724C000B646973706C61794E616D6571007E00054C0002696471007E00064C000A6D696C6573746F6E657371007E00034C000873656D657374657271007E00057870000007DD74000E323031332D3134205465726D20327371007E000B00000000000000027372002F6F72672E68696265726E6174652E636F6C6C656374696F6E2E696E7465726E616C2E50657273697374656E7453657486E4FDA1F2EEE0AF0200014C000373657471007E00037872003E6F72672E68696265726E6174652E636F6C6C656374696F6E2E696E7465726E616C2E416273747261637450657273697374656E74436F6C6C656374696F6E9B8CA200603B4E5502000949000A63616368656453697A655A000564697274795A000B696E697469616C697A65645A000D737065636A4C617A794C6F61644C00036B65797400164C6A6176612F696F2F53657269616C697A61626C653B4C00056F776E65727400124C6A6176612F6C616E672F4F626A6563743B4C0004726F6C6571007E00054C001273657373696F6E466163746F72795575696471007E00054C000E73746F726564536E617073686F7471007E00187870FFFFFFFF00000071007E001571007E00137400156D6F64656C2E5465726D2E6D696C6573746F6E65737070707400065465726D203274000B62656E6A616D696E67616E7371007E0016FFFFFFFF00000071007E000D71007E00097400236D6F64656C2E726F6C652E466163756C74792E7265717569726564426F6F6B696E67737070707371007E0016FFFFFFFF00000071007E000D71007E00097400276D6F64656C2E726F6C652E466163756C74792E756E617661696C61626C6554696D65736C6F74737070707E720011636F6E7374616E742E526573706F6E736500000000000000001200007871007E000F740008415050524F56454478,36,445),(43,3,'2013-10-17 20:38:51','2013-10-19 18:58:37','XIA Xin',0xACED0005737200116A6176612E7574696C2E48617368536574BA44859596B8B7340300007870770C000000103F4000000000000078,NULL,0xACED0005737200116A6176612E7574696C2E486173684D61700507DAC1C31660D103000246000A6C6F6164466163746F724900097468726573686F6C6478703F4000000000000C77080000001000000001737200126D6F64656C2E726F6C652E466163756C747900000000000000010200024C00107265717569726564426F6F6B696E677374000F4C6A6176612F7574696C2F5365743B4C0014756E617661696C61626C6554696D65736C6F747371007E00037872000A6D6F64656C2E5573657200000000000000010200064C000866756C6C4E616D657400124C6A6176612F6C616E672F537472696E673B4C000269647400104C6A6176612F6C616E672F4C6F6E673B4C000C6D6F62696C654E756D62657271007E00054C0004726F6C6574000F4C636F6E7374616E742F526F6C653B4C00047465726D74000C4C6D6F64656C2F5465726D3B4C0008757365726E616D6571007E0005787074000D5365656D612043484F4B5348497372000E6A6176612E6C616E672E4C6F6E673B8BE490CC8F23DF0200014A000576616C7565787200106A6176612E6C616E672E4E756D62657286AC951D0B94E08B02000078700000000000000048707E72000D636F6E7374616E742E526F6C6500000000000000001200007872000E6A6176612E6C616E672E456E756D00000000000000001200007870740007464143554C54597372000A6D6F64656C2E5465726D000000000000000102000549000C61636164656D6963596561724C000B646973706C61794E616D6571007E00054C0002696471007E00064C000A6D696C6573746F6E657371007E00034C000873656D657374657271007E00057870000007DD74000E323031332D3134205465726D20327371007E000B00000000000000027372002F6F72672E68696265726E6174652E636F6C6C656374696F6E2E696E7465726E616C2E50657273697374656E7453657486E4FDA1F2EEE0AF0200014C000373657471007E00037872003E6F72672E68696265726E6174652E636F6C6C656374696F6E2E696E7465726E616C2E416273747261637450657273697374656E74436F6C6C656374696F6E9B8CA200603B4E5502000949000A63616368656453697A655A000564697274795A000B696E697469616C697A65645A000D737065636A4C617A794C6F61644C00036B65797400164C6A6176612F696F2F53657269616C697A61626C653B4C00056F776E65727400124C6A6176612F6C616E672F4F626A6563743B4C0004726F6C6571007E00054C001273657373696F6E466163746F72795575696471007E00054C000E73746F726564536E617073686F7471007E00187870FFFFFFFF00000071007E001571007E00137400156D6F64656C2E5465726D2E6D696C6573746F6E65737070707400065465726D20327400067365656D61637371007E0016FFFFFFFF00000071007E000D71007E00097400236D6F64656C2E726F6C652E466163756C74792E7265717569726564426F6F6B696E67737070707371007E0016FFFFFFFF00000071007E000D71007E00097400276D6F64656C2E726F6C652E466163756C74792E756E617661696C61626C6554696D65736C6F74737070707E720011636F6E7374616E742E526573706F6E736500000000000000001200007871007E000F74000750454E44494E4778,38,452),(44,2,'2013-10-18 10:29:26','2013-10-21 03:00:00','IS480 Scheduling System',0xACED0005737200116A6176612E7574696C2E48617368536574BA44859596B8B7340300007870770C000000103F4000000000000574001679676368616E2E3230313140736D752E6564752E7367740015716C6C65652E3230313140736D752E6564752E736774001779792E6368616E2E3230313140736D752E6564752E736774001573786C61772E3230313140736D752E6564752E736774001B6D656C767269636B676F682E3230313140736D752E6564752E736778,'Faculty response overdue. Releasing timeslot.',0xACED0005737200116A6176612E7574696C2E486173684D61700507DAC1C31660D103000246000A6C6F6164466163746F724900097468726573686F6C6478703F4000000000000C77080000001000000001737200126D6F64656C2E726F6C652E466163756C747900000000000000010200024C00107265717569726564426F6F6B696E677374000F4C6A6176612F7574696C2F5365743B4C0014756E617661696C61626C6554696D65736C6F747371007E00037872000A6D6F64656C2E5573657200000000000000010200064C000866756C6C4E616D657400124C6A6176612F6C616E672F537472696E673B4C000269647400104C6A6176612F6C616E672F4C6F6E673B4C000C6D6F62696C654E756D62657271007E00054C0004726F6C6574000F4C636F6E7374616E742F526F6C653B4C00047465726D74000C4C6D6F64656C2F5465726D3B4C0008757365726E616D6571007E0005787074000C436872697320424F455343487372000E6A6176612E6C616E672E4C6F6E673B8BE490CC8F23DF0200014A000576616C7565787200106A6176612E6C616E672E4E756D62657286AC951D0B94E08B02000078700000000000000045707E72000D636F6E7374616E742E526F6C6500000000000000001200007872000E6A6176612E6C616E672E456E756D00000000000000001200007870740007464143554C54597372000A6D6F64656C2E5465726D000000000000000102000549000C61636164656D6963596561724C000B646973706C61794E616D6571007E00054C0002696471007E00064C000A6D696C6573746F6E657371007E00034C000873656D657374657271007E00057870000007DD74000E323031332D3134205465726D20327371007E000B00000000000000027372002F6F72672E68696265726E6174652E636F6C6C656374696F6E2E696E7465726E616C2E50657273697374656E7453657486E4FDA1F2EEE0AF0200014C000373657471007E00037872003E6F72672E68696265726E6174652E636F6C6C656374696F6E2E696E7465726E616C2E416273747261637450657273697374656E74436F6C6C656374696F6E9B8CA200603B4E5502000949000A63616368656453697A655A000564697274795A000B696E697469616C697A65645A000D737065636A4C617A794C6F61644C00036B65797400164C6A6176612F696F2F53657269616C697A61626C653B4C00056F776E65727400124C6A6176612F6C616E672F4F626A6563743B4C0004726F6C6571007E00054C001273657373696F6E466163746F72795575696471007E00054C000E73746F726564536E617073686F7471007E00187870FFFFFFFF00000071007E001571007E00137400156D6F64656C2E5465726D2E6D696C6573746F6E65737070707400065465726D203274000763626F657363687371007E0016FFFFFFFF00000071007E000D71007E00097400236D6F64656C2E726F6C652E466163756C74792E7265717569726564426F6F6B696E67737070707371007E0016FFFFFFFF00000071007E000D71007E00097400276D6F64656C2E726F6C652E466163756C74792E756E617661696C61626C6554696D65736C6F74737070707E720011636F6E7374616E742E526573706F6E736500000000000000001200007871007E000F74000750454E44494E4778,17,376),(45,2,'2013-10-21 07:59:16','2013-10-24 03:00:00','IS480 Scheduling System',0xACED0005737200116A6176612E7574696C2E48617368536574BA44859596B8B7340300007870770C000000103F4000000000000674001679676368616E2E3230313140736D752E6564752E7367740015716C6C65652E3230313140736D752E6564752E736774001263626F6573636840736D752E6564752E736774001779792E6368616E2E3230313140736D752E6564752E736774001573786C61772E3230313140736D752E6564752E736774001B6D656C767269636B676F682E3230313140736D752E6564752E736778,'Faculty response overdue. Releasing timeslot.',0xACED0005737200116A6176612E7574696C2E486173684D61700507DAC1C31660D103000246000A6C6F6164466163746F724900097468726573686F6C6478703F4000000000000C77080000001000000001737200126D6F64656C2E726F6C652E466163756C747900000000000000010200024C00107265717569726564426F6F6B696E677374000F4C6A6176612F7574696C2F5365743B4C0014756E617661696C61626C6554696D65736C6F747371007E00037872000A6D6F64656C2E5573657200000000000000010200074C000866756C6C4E616D657400124C6A6176612F6C616E672F537472696E673B4C000269647400104C6A6176612F6C616E672F4C6F6E673B4C000C6D6F62696C654E756D62657271007E00054C0004726F6C6574000F4C636F6E7374616E742F526F6C653B4C001273756273637269626564426F6F6B696E677371007E00034C00047465726D74000C4C6D6F64656C2F5465726D3B4C0008757365726E616D6571007E0005787074000C436872697320424F455343487372000E6A6176612E6C616E672E4C6F6E673B8BE490CC8F23DF0200014A000576616C7565787200106A6176612E6C616E672E4E756D62657286AC951D0B94E08B02000078700000000000000045707E72000D636F6E7374616E742E526F6C6500000000000000001200007872000E6A6176612E6C616E672E456E756D00000000000000001200007870740007464143554C5459707372000A6D6F64656C2E5465726D000000000000000102000549000C61636164656D6963596561724C000B646973706C61794E616D6571007E00054C0002696471007E00064C000A6D696C6573746F6E657371007E00034C000873656D657374657271007E00057870000007DD74000E323031332D3134205465726D20327371007E000B00000000000000027372002F6F72672E68696265726E6174652E636F6C6C656374696F6E2E696E7465726E616C2E50657273697374656E7453657486E4FDA1F2EEE0AF0200014C000373657471007E00037872003E6F72672E68696265726E6174652E636F6C6C656374696F6E2E696E7465726E616C2E416273747261637450657273697374656E74436F6C6C656374696F6E9B8CA200603B4E5502000949000A63616368656453697A655A000564697274795A000B696E697469616C697A65645A000D737065636A4C617A794C6F61644C00036B65797400164C6A6176612F696F2F53657269616C697A61626C653B4C00056F776E65727400124C6A6176612F6C616E672F4F626A6563743B4C0004726F6C6571007E00054C001273657373696F6E466163746F72795575696471007E00054C000E73746F726564536E617073686F7471007E00187870FFFFFFFF00000071007E001571007E00137400156D6F64656C2E5465726D2E6D696C6573746F6E65737070707400065465726D203274000763626F657363687371007E0016FFFFFFFF00000071007E000D71007E00097400236D6F64656C2E726F6C652E466163756C74792E7265717569726564426F6F6B696E67737070707371007E0016FFFFFFFF00000071007E000D71007E00097400276D6F64656C2E726F6C652E466163756C74792E756E617661696C61626C6554696D65736C6F74737070707E720011636F6E7374616E742E526573706F6E736500000000000000001200007871007E000F74000750454E44494E4778,17,376),(46,2,'2013-10-21 08:03:01','2013-10-23 03:00:00','IS480 Scheduling System',0xACED0005737200116A6176612E7574696C2E48617368536574BA44859596B8B7340300007870770C000000103F4000000000000078,'Faculty response overdue. Releasing timeslot.',0xACED0005737200116A6176612E7574696C2E486173684D61700507DAC1C31660D103000246000A6C6F6164466163746F724900097468726573686F6C6478703F4000000000000C77080000001000000001737200126D6F64656C2E726F6C652E466163756C747900000000000000010200024C00107265717569726564426F6F6B696E677374000F4C6A6176612F7574696C2F5365743B4C0014756E617661696C61626C6554696D65736C6F747371007E00037872000A6D6F64656C2E5573657200000000000000010200074C000866756C6C4E616D657400124C6A6176612F6C616E672F537472696E673B4C000269647400104C6A6176612F6C616E672F4C6F6E673B4C000C6D6F62696C654E756D62657271007E00054C0004726F6C6574000F4C636F6E7374616E742F526F6C653B4C001273756273637269626564426F6F6B696E677371007E00034C00047465726D74000C4C6D6F64656C2F5465726D3B4C0008757365726E616D6571007E0005787074000D5365656D612043484F4B5348497372000E6A6176612E6C616E672E4C6F6E673B8BE490CC8F23DF0200014A000576616C7565787200106A6176612E6C616E672E4E756D62657286AC951D0B94E08B02000078700000000000000048707E72000D636F6E7374616E742E526F6C6500000000000000001200007872000E6A6176612E6C616E672E456E756D00000000000000001200007870740007464143554C5459707372000A6D6F64656C2E5465726D000000000000000102000549000C61636164656D6963596561724C000B646973706C61794E616D6571007E00054C0002696471007E00064C000A6D696C6573746F6E657371007E00034C000873656D657374657271007E00057870000007DD74000E323031332D3134205465726D20327371007E000B00000000000000027372002F6F72672E68696265726E6174652E636F6C6C656374696F6E2E696E7465726E616C2E50657273697374656E7453657486E4FDA1F2EEE0AF0200014C000373657471007E00037872003E6F72672E68696265726E6174652E636F6C6C656374696F6E2E696E7465726E616C2E416273747261637450657273697374656E74436F6C6C656374696F6E9B8CA200603B4E5502000949000A63616368656453697A655A000564697274795A000B696E697469616C697A65645A000D737065636A4C617A794C6F61644C00036B65797400164C6A6176612F696F2F53657269616C697A61626C653B4C00056F776E65727400124C6A6176612F6C616E672F4F626A6563743B4C0004726F6C6571007E00054C001273657373696F6E466163746F72795575696471007E00054C000E73746F726564536E617073686F7471007E00187870FFFFFFFF00000071007E001571007E00137400156D6F64656C2E5465726D2E6D696C6573746F6E65737070707400065465726D20327400067365656D61637371007E0016FFFFFFFF00000071007E000D71007E00097400236D6F64656C2E726F6C652E466163756C74792E7265717569726564426F6F6B696E67737070707371007E0016FFFFFFFF00000071007E000D71007E00097400276D6F64656C2E726F6C652E466163756C74792E756E617661696C61626C6554696D65736C6F74737070707E720011636F6E7374616E742E526573706F6E736500000000000000001200007871007E000F74000750454E44494E4778,38,448),(47,1,'2013-10-22 13:02:45','2013-10-23 10:40:12','Chris BOESCH',0xACED0005737200116A6176612E7574696C2E48617368536574BA44859596B8B7340300007870770C000000103F40000000000003740017616C616E6D6567617267656C40736D752E6564752E736774001263626F6573636840736D752E6564752E736774001662656E6A616D696E67616E40736D752E6564752E736778,NULL,0xACED0005737200116A6176612E7574696C2E486173684D61700507DAC1C31660D103000246000A6C6F6164466163746F724900097468726573686F6C6478703F4000000000000C77080000001000000002737200126D6F64656C2E726F6C652E466163756C747900000000000000010200024C00107265717569726564426F6F6B696E677374000F4C6A6176612F7574696C2F5365743B4C0014756E617661696C61626C6554696D65736C6F747371007E00037872000A6D6F64656C2E5573657200000000000000010200074C000866756C6C4E616D657400124C6A6176612F6C616E672F537472696E673B4C000269647400104C6A6176612F6C616E672F4C6F6E673B4C000C6D6F62696C654E756D62657271007E00054C0004726F6C6574000F4C636F6E7374616E742F526F6C653B4C001273756273637269626564426F6F6B696E677371007E00034C00047465726D74000C4C6D6F64656C2F5465726D3B4C0008757365726E616D6571007E0005787074000C436872697320424F455343487372000E6A6176612E6C616E672E4C6F6E673B8BE490CC8F23DF0200014A000576616C7565787200106A6176612E6C616E672E4E756D62657286AC951D0B94E08B02000078700000000000000156707E72000D636F6E7374616E742E526F6C6500000000000000001200007872000E6A6176612E6C616E672E456E756D00000000000000001200007870740007464143554C54597372002F6F72672E68696265726E6174652E636F6C6C656374696F6E2E696E7465726E616C2E50657273697374656E7453657486E4FDA1F2EEE0AF0200014C000373657471007E00037872003E6F72672E68696265726E6174652E636F6C6C656374696F6E2E696E7465726E616C2E416273747261637450657273697374656E74436F6C6C656374696F6E9B8CA200603B4E5502000949000A63616368656453697A655A000564697274795A000B696E697469616C697A65645A000D737065636A4C617A794C6F61644C00036B65797400164C6A6176612F696F2F53657269616C697A61626C653B4C00056F776E65727400124C6A6176612F6C616E672F4F626A6563743B4C0004726F6C6571007E00054C001273657373696F6E466163746F72795575696471007E00054C000E73746F726564536E617073686F7471007E00147870FFFFFFFF00000071007E000D71007E000974001D6D6F64656C2E557365722E73756273637269626564426F6F6B696E67737070707372000A6D6F64656C2E5465726D000000000000000102000549000C61636164656D6963596561724C000B646973706C61794E616D6571007E00054C0002696471007E00064C000A6D696C6573746F6E657371007E00034C000873656D657374657271007E00057870000007DD74000E323031332D3134205465726D20317371007E000B00000000000000037371007E0012FFFFFFFF00000071007E001B71007E00197400156D6F64656C2E5465726D2E6D696C6573746F6E65737070707400065465726D203174000763626F657363687371007E0012FFFFFFFF00000071007E000D71007E00097400236D6F64656C2E726F6C652E466163756C74792E7265717569726564426F6F6B696E67737070707371007E0012FFFFFFFF00000071007E000D71007E00097400276D6F64656C2E726F6C652E466163756C74792E756E617661696C61626C6554696D65736C6F74737070707E720011636F6E7374616E742E526573706F6E736500000000000000001200007871007E000F740008415050524F5645447371007E000274001542656E6A616D696E2047414E204B6F6B20536965777371007E000B00000000000001527071007E00107371007E0012FFFFFFFF00000071007E002971007E002771007E001770707071007E001974000B62656E6A616D696E67616E7371007E0012FFFFFFFF00000071007E002971007E002771007E00217070707371007E0012FFFFFFFF00000071007E002971007E002771007E002370707071007E002578,53,458),(48,1,'2013-10-22 13:07:18','2013-10-23 11:17:27','Richard C. DAVIS',0xACED0005737200116A6176612E7574696C2E48617368536574BA44859596B8B7340300007870770C000000103F4000000000000274001366696F6E616C656540736D752E6564752E736774001662656E6A616D696E67616E40736D752E6564752E736778,NULL,0xACED0005737200116A6176612E7574696C2E486173684D61700507DAC1C31660D103000246000A6C6F6164466163746F724900097468726573686F6C6478703F4000000000000C77080000001000000002737200126D6F64656C2E726F6C652E466163756C747900000000000000010200024C00107265717569726564426F6F6B696E677374000F4C6A6176612F7574696C2F5365743B4C0014756E617661696C61626C6554696D65736C6F747371007E00037872000A6D6F64656C2E5573657200000000000000010200074C000866756C6C4E616D657400124C6A6176612F6C616E672F537472696E673B4C000269647400104C6A6176612F6C616E672F4C6F6E673B4C000C6D6F62696C654E756D62657271007E00054C0004726F6C6574000F4C636F6E7374616E742F526F6C653B4C001273756273637269626564426F6F6B696E677371007E00034C00047465726D74000C4C6D6F64656C2F5465726D3B4C0008757365726E616D6571007E0005787074000C596F756E67736F6F204B494D7372000E6A6176612E6C616E672E4C6F6E673B8BE490CC8F23DF0200014A000576616C7565787200106A6176612E6C616E672E4E756D62657286AC951D0B94E08B02000078700000000000000155707E72000D636F6E7374616E742E526F6C6500000000000000001200007872000E6A6176612E6C616E672E456E756D00000000000000001200007870740007464143554C54597372002F6F72672E68696265726E6174652E636F6C6C656374696F6E2E696E7465726E616C2E50657273697374656E7453657486E4FDA1F2EEE0AF0200014C000373657471007E00037872003E6F72672E68696265726E6174652E636F6C6C656374696F6E2E696E7465726E616C2E416273747261637450657273697374656E74436F6C6C656374696F6E9B8CA200603B4E5502000949000A63616368656453697A655A000564697274795A000B696E697469616C697A65645A000D737065636A4C617A794C6F61644C00036B65797400164C6A6176612F696F2F53657269616C697A61626C653B4C00056F776E65727400124C6A6176612F6C616E672F4F626A6563743B4C0004726F6C6571007E00054C001273657373696F6E466163746F72795575696471007E00054C000E73746F726564536E617073686F7471007E00147870FFFFFFFF00000071007E000D71007E000974001D6D6F64656C2E557365722E73756273637269626564426F6F6B696E67737070707372000A6D6F64656C2E5465726D000000000000000102000549000C61636164656D6963596561724C000B646973706C61794E616D6571007E00054C0002696471007E00064C000A6D696C6573746F6E657371007E00034C000873656D657374657271007E00057870000007DD74000E323031332D3134205465726D20317371007E000B00000000000000037371007E0012FFFFFFFF00000071007E001B71007E00197400156D6F64656C2E5465726D2E6D696C6573746F6E65737070707400065465726D203174000579736B696D7371007E0012FFFFFFFF00000071007E000D71007E00097400236D6F64656C2E726F6C652E466163756C74792E7265717569726564426F6F6B696E67737070707371007E0012FFFFFFFF00000071007E000D71007E00097400276D6F64656C2E726F6C652E466163756C74792E756E617661696C61626C6554696D65736C6F74737070707E720011636F6E7374616E742E526573706F6E736500000000000000001200007871007E000F740008415050524F5645447371007E00027400105269636861726420432E2044415649537371007E000B00000000000001547071007E00107371007E0012FFFFFFFF00000071007E002971007E002771007E001770707071007E0019740007726364617669737371007E0012FFFFFFFF00000071007E002971007E002771007E00217070707371007E0012FFFFFFFF00000071007E002971007E002771007E002370707071007E002578,56,460),(49,1,'2013-10-22 13:12:23','2013-10-23 10:40:10','Chris BOESCH',0xACED0005737200116A6176612E7574696C2E48617368536574BA44859596B8B7340300007870770C000000103F4000000000000274001079736B696D40736D752E6564752E736774001263626F6573636840736D752E6564752E736778,NULL,0xACED0005737200116A6176612E7574696C2E486173684D61700507DAC1C31660D103000246000A6C6F6164466163746F724900097468726573686F6C6478703F4000000000000C77080000001000000002737200126D6F64656C2E726F6C652E466163756C747900000000000000010200024C00107265717569726564426F6F6B696E677374000F4C6A6176612F7574696C2F5365743B4C0014756E617661696C61626C6554696D65736C6F747371007E00037872000A6D6F64656C2E5573657200000000000000010200074C000866756C6C4E616D657400124C6A6176612F6C616E672F537472696E673B4C000269647400104C6A6176612F6C616E672F4C6F6E673B4C000C6D6F62696C654E756D62657271007E00054C0004726F6C6574000F4C636F6E7374616E742F526F6C653B4C001273756273637269626564426F6F6B696E677371007E00034C00047465726D74000C4C6D6F64656C2F5465726D3B4C0008757365726E616D6571007E0005787074000C436872697320424F455343487372000E6A6176612E6C616E672E4C6F6E673B8BE490CC8F23DF0200014A000576616C7565787200106A6176612E6C616E672E4E756D62657286AC951D0B94E08B02000078700000000000000156707E72000D636F6E7374616E742E526F6C6500000000000000001200007872000E6A6176612E6C616E672E456E756D00000000000000001200007870740007464143554C54597372002F6F72672E68696265726E6174652E636F6C6C656374696F6E2E696E7465726E616C2E50657273697374656E7453657486E4FDA1F2EEE0AF0200014C000373657471007E00037872003E6F72672E68696265726E6174652E636F6C6C656374696F6E2E696E7465726E616C2E416273747261637450657273697374656E74436F6C6C656374696F6E9B8CA200603B4E5502000949000A63616368656453697A655A000564697274795A000B696E697469616C697A65645A000D737065636A4C617A794C6F61644C00036B65797400164C6A6176612F696F2F53657269616C697A61626C653B4C00056F776E65727400124C6A6176612F6C616E672F4F626A6563743B4C0004726F6C6571007E00054C001273657373696F6E466163746F72795575696471007E00054C000E73746F726564536E617073686F7471007E00147870FFFFFFFF00000071007E000D71007E000974001D6D6F64656C2E557365722E73756273637269626564426F6F6B696E67737070707372000A6D6F64656C2E5465726D000000000000000102000549000C61636164656D6963596561724C000B646973706C61794E616D6571007E00054C0002696471007E00064C000A6D696C6573746F6E657371007E00034C000873656D657374657271007E00057870000007DD74000E323031332D3134205465726D20317371007E000B00000000000000037371007E0012FFFFFFFF00000071007E001B71007E00197400156D6F64656C2E5465726D2E6D696C6573746F6E65737070707400065465726D203174000763626F657363687371007E0012FFFFFFFF00000071007E000D71007E00097400236D6F64656C2E726F6C652E466163756C74792E7265717569726564426F6F6B696E67737070707371007E0012FFFFFFFF00000071007E000D71007E00097400276D6F64656C2E726F6C652E466163756C74792E756E617661696C61626C6554696D65736C6F74737070707E720011636F6E7374616E742E526573706F6E736500000000000000001200007871007E000F740008415050524F5645447371007E000274000C596F756E67736F6F204B494D7371007E000B00000000000001557071007E00107371007E0012FFFFFFFF00000071007E002971007E002771007E001770707071007E001974000579736B696D7371007E0012FFFFFFFF00000071007E002971007E002771007E00217070707371007E0012FFFFFFFF00000071007E002971007E002771007E002370707071007E002578,51,479),(50,2,'2013-10-22 13:12:46','2013-10-22 21:41:36','Youngsoo KIM',0xACED0005737200116A6176612E7574696C2E48617368536574BA44859596B8B7340300007870770C000000103F4000000000000174001262626F6E696B40616473632E636F6D2E736778,'I have a PHD QE at 10:30am.',0xACED0005737200116A6176612E7574696C2E486173684D61700507DAC1C31660D103000246000A6C6F6164466163746F724900097468726573686F6C6478703F4000000000000C77080000001000000002737200126D6F64656C2E726F6C652E466163756C747900000000000000010200024C00107265717569726564426F6F6B696E677374000F4C6A6176612F7574696C2F5365743B4C0014756E617661696C61626C6554696D65736C6F747371007E00037872000A6D6F64656C2E5573657200000000000000010200074C000866756C6C4E616D657400124C6A6176612F6C616E672F537472696E673B4C000269647400104C6A6176612F6C616E672F4C6F6E673B4C000C6D6F62696C654E756D62657271007E00054C0004726F6C6574000F4C636F6E7374616E742F526F6C653B4C001273756273637269626564426F6F6B696E677371007E00034C00047465726D74000C4C6D6F64656C2F5465726D3B4C0008757365726E616D6571007E0005787074000C596F756E67736F6F204B494D7372000E6A6176612E6C616E672E4C6F6E673B8BE490CC8F23DF0200014A000576616C7565787200106A6176612E6C616E672E4E756D62657286AC951D0B94E08B02000078700000000000000155707E72000D636F6E7374616E742E526F6C6500000000000000001200007872000E6A6176612E6C616E672E456E756D00000000000000001200007870740007464143554C54597372002F6F72672E68696265726E6174652E636F6C6C656374696F6E2E696E7465726E616C2E50657273697374656E7453657486E4FDA1F2EEE0AF0200014C000373657471007E00037872003E6F72672E68696265726E6174652E636F6C6C656374696F6E2E696E7465726E616C2E416273747261637450657273697374656E74436F6C6C656374696F6E9B8CA200603B4E5502000949000A63616368656453697A655A000564697274795A000B696E697469616C697A65645A000D737065636A4C617A794C6F61644C00036B65797400164C6A6176612F696F2F53657269616C697A61626C653B4C00056F776E65727400124C6A6176612F6C616E672F4F626A6563743B4C0004726F6C6571007E00054C001273657373696F6E466163746F72795575696471007E00054C000E73746F726564536E617073686F7471007E00147870FFFFFFFF00000071007E000D71007E000974001D6D6F64656C2E557365722E73756273637269626564426F6F6B696E67737070707372000A6D6F64656C2E5465726D000000000000000102000549000C61636164656D6963596561724C000B646973706C61794E616D6571007E00054C0002696471007E00064C000A6D696C6573746F6E657371007E00034C000873656D657374657271007E00057870000007DD74000E323031332D3134205465726D20317371007E000B00000000000000037371007E0012FFFFFFFF00000071007E001B71007E00197400156D6F64656C2E5465726D2E6D696C6573746F6E65737070707400065465726D203174000579736B696D7371007E0012FFFFFFFF00000071007E000D71007E00097400236D6F64656C2E726F6C652E466163756C74792E7265717569726564426F6F6B696E67737070707371007E0012FFFFFFFF00000071007E000D71007E00097400276D6F64656C2E726F6C652E466163756C74792E756E617661696C61626C6554696D65736C6F74737070707E720011636F6E7374616E742E526573706F6E736500000000000000001200007871007E000F74000852454A45435445447371007E000274001542656E6A616D696E2047414E204B6F6B20536965777371007E000B00000000000001527071007E00107371007E0012FFFFFFFF00000071007E002971007E002771007E001770707071007E001974000B62656E6A616D696E67616E7371007E0012FFFFFFFF00000071007E002971007E002771007E00217070707371007E0012FFFFFFFF00000071007E002971007E002771007E00237070707E71007E0024740008415050524F56454478,57,459),(51,2,'2013-10-22 13:22:39','2013-10-23 03:00:00','IS480 Scheduling System',0xACED0005737200116A6176612E7574696C2E48617368536574BA44859596B8B7340300007870770C000000103F40000000000001740017616C616E6D6567617267656C40736D752E6564752E736778,'Faculty response overdue. Releasing timeslot.',0xACED0005737200116A6176612E7574696C2E486173684D61700507DAC1C31660D103000246000A6C6F6164466163746F724900097468726573686F6C6478703F4000000000000C77080000001000000002737200126D6F64656C2E726F6C652E466163756C747900000000000000010200024C00107265717569726564426F6F6B696E677374000F4C6A6176612F7574696C2F5365743B4C0014756E617661696C61626C6554696D65736C6F747371007E00037872000A6D6F64656C2E5573657200000000000000010200074C000866756C6C4E616D657400124C6A6176612F6C616E672F537472696E673B4C000269647400104C6A6176612F6C616E672F4C6F6E673B4C000C6D6F62696C654E756D62657271007E00054C0004726F6C6574000F4C636F6E7374616E742F526F6C653B4C001273756273637269626564426F6F6B696E677371007E00034C00047465726D74000C4C6D6F64656C2F5465726D3B4C0008757365726E616D6571007E0005787074000C436872697320424F455343487372000E6A6176612E6C616E672E4C6F6E673B8BE490CC8F23DF0200014A000576616C7565787200106A6176612E6C616E672E4E756D62657286AC951D0B94E08B02000078700000000000000156707E72000D636F6E7374616E742E526F6C6500000000000000001200007872000E6A6176612E6C616E672E456E756D00000000000000001200007870740007464143554C54597372002F6F72672E68696265726E6174652E636F6C6C656374696F6E2E696E7465726E616C2E50657273697374656E7453657486E4FDA1F2EEE0AF0200014C000373657471007E00037872003E6F72672E68696265726E6174652E636F6C6C656374696F6E2E696E7465726E616C2E416273747261637450657273697374656E74436F6C6C656374696F6E9B8CA200603B4E5502000949000A63616368656453697A655A000564697274795A000B696E697469616C697A65645A000D737065636A4C617A794C6F61644C00036B65797400164C6A6176612F696F2F53657269616C697A61626C653B4C00056F776E65727400124C6A6176612F6C616E672F4F626A6563743B4C0004726F6C6571007E00054C001273657373696F6E466163746F72795575696471007E00054C000E73746F726564536E617073686F7471007E00147870FFFFFFFF00000071007E000D71007E000974001D6D6F64656C2E557365722E73756273637269626564426F6F6B696E67737070707372000A6D6F64656C2E5465726D000000000000000102000549000C61636164656D6963596561724C000B646973706C61794E616D6571007E00054C0002696471007E00064C000A6D696C6573746F6E657371007E00034C000873656D657374657271007E00057870000007DD74000E323031332D3134205465726D20317371007E000B00000000000000037371007E0012FFFFFFFF00000071007E001B71007E00197400156D6F64656C2E5465726D2E6D696C6573746F6E65737070707400065465726D203174000763626F657363687371007E0012FFFFFFFF00000071007E000D71007E00097400236D6F64656C2E726F6C652E466163756C74792E7265717569726564426F6F6B696E67737070707371007E0012FFFFFFFF00000071007E000D71007E00097400276D6F64656C2E726F6C652E466163756C74792E756E617661696C61626C6554696D65736C6F74737070707E720011636F6E7374616E742E526573706F6E736500000000000000001200007871007E000F74000750454E44494E477371007E000274000D4348454F4B204C61692D5465657371007E000B00000000000001537071007E00107371007E0012FFFFFFFF00000071007E002971007E002771007E001770707071007E001974000B6C61697465656368656F6B7371007E0012FFFFFFFF00000071007E002971007E002771007E00217070707371007E0012FFFFFFFF00000071007E002971007E002771007E002370707071007E002578,47,501),(52,1,'2013-10-22 14:15:25','2013-10-24 12:41:50','CHEOK Lai-Tee',0xACED0005737200116A6176612E7574696C2E48617368536574BA44859596B8B7340300007870770C000000103F4000000000000078,NULL,0xACED0005737200116A6176612E7574696C2E486173684D61700507DAC1C31660D103000246000A6C6F6164466163746F724900097468726573686F6C6478703F4000000000000C77080000001000000002737200126D6F64656C2E726F6C652E466163756C747900000000000000010200024C00107265717569726564426F6F6B696E677374000F4C6A6176612F7574696C2F5365743B4C0014756E617661696C61626C6554696D65736C6F747371007E00037872000A6D6F64656C2E5573657200000000000000010200074C000866756C6C4E616D657400124C6A6176612F6C616E672F537472696E673B4C000269647400104C6A6176612F6C616E672F4C6F6E673B4C000C6D6F62696C654E756D62657271007E00054C0004726F6C6574000F4C636F6E7374616E742F526F6C653B4C001273756273637269626564426F6F6B696E677371007E00034C00047465726D74000C4C6D6F64656C2F5465726D3B4C0008757365726E616D6571007E0005787074000C436872697320424F455343487372000E6A6176612E6C616E672E4C6F6E673B8BE490CC8F23DF0200014A000576616C7565787200106A6176612E6C616E672E4E756D62657286AC951D0B94E08B02000078700000000000000156707E72000D636F6E7374616E742E526F6C6500000000000000001200007872000E6A6176612E6C616E672E456E756D00000000000000001200007870740007464143554C54597372002F6F72672E68696265726E6174652E636F6C6C656374696F6E2E696E7465726E616C2E50657273697374656E7453657486E4FDA1F2EEE0AF0200014C000373657471007E00037872003E6F72672E68696265726E6174652E636F6C6C656374696F6E2E696E7465726E616C2E416273747261637450657273697374656E74436F6C6C656374696F6E9B8CA200603B4E5502000949000A63616368656453697A655A000564697274795A000B696E697469616C697A65645A000D737065636A4C617A794C6F61644C00036B65797400164C6A6176612F696F2F53657269616C697A61626C653B4C00056F776E65727400124C6A6176612F6C616E672F4F626A6563743B4C0004726F6C6571007E00054C001273657373696F6E466163746F72795575696471007E00054C000E73746F726564536E617073686F7471007E00147870FFFFFFFF00000071007E000D71007E000974001D6D6F64656C2E557365722E73756273637269626564426F6F6B696E67737070707372000A6D6F64656C2E5465726D000000000000000102000549000C61636164656D6963596561724C000B646973706C61794E616D6571007E00054C0002696471007E00064C000A6D696C6573746F6E657371007E00034C000873656D657374657271007E00057870000007DD74000E323031332D3134205465726D20317371007E000B00000000000000037371007E0012FFFFFFFF00000071007E001B71007E00197400156D6F64656C2E5465726D2E6D696C6573746F6E65737070707400065465726D203174000763626F657363687371007E0012FFFFFFFF00000071007E000D71007E00097400236D6F64656C2E726F6C652E466163756C74792E7265717569726564426F6F6B696E67737070707371007E0012FFFFFFFF00000071007E000D71007E00097400276D6F64656C2E726F6C652E466163756C74792E756E617661696C61626C6554696D65736C6F74737070707E720011636F6E7374616E742E526573706F6E736500000000000000001200007871007E000F740008415050524F5645447371007E000274000D4348454F4B204C61692D5465657371007E000B00000000000001537071007E00107371007E0012FFFFFFFF00000071007E002971007E002771007E001770707071007E001974000B6C61697465656368656F6B7371007E0012FFFFFFFF00000071007E002971007E002771007E00217070707371007E0012FFFFFFFF00000071007E002971007E002771007E002370707071007E002578,50,500),(53,3,'2013-10-22 14:46:25','2013-10-22 15:11:26','LOO Ting Yu',0xACED0005737200116A6176612E7574696C2E48617368536574BA44859596B8B7340300007870770C000000103F4000000000000674001864756C692E79656F2E3230313140736D752E6564752E736774001A7368696D696E2E6C6F6F2E3230313140736D752E6564752E73677400016C74001963686572796C6C65652E3230313140736D752E6564752E736774001A74696E6779752E6C6F6F2E3230313140736D752E6564752E736774000D64756C692E79656F2E3230313178,NULL,0xACED0005737200116A6176612E7574696C2E486173684D61700507DAC1C31660D103000246000A6C6F6164466163746F724900097468726573686F6C6478703F4000000000000C77080000001000000002737200126D6F64656C2E726F6C652E466163756C747900000000000000010200024C00107265717569726564426F6F6B696E677374000F4C6A6176612F7574696C2F5365743B4C0014756E617661696C61626C6554696D65736C6F747371007E00037872000A6D6F64656C2E5573657200000000000000010200074C000866756C6C4E616D657400124C6A6176612F6C616E672F537472696E673B4C000269647400104C6A6176612F6C616E672F4C6F6E673B4C000C6D6F62696C654E756D62657271007E00054C0004726F6C6574000F4C636F6E7374616E742F526F6C653B4C001273756273637269626564426F6F6B696E677371007E00034C00047465726D74000C4C6D6F64656C2F5465726D3B4C0008757365726E616D6571007E0005787074000C436872697320424F455343487372000E6A6176612E6C616E672E4C6F6E673B8BE490CC8F23DF0200014A000576616C7565787200106A6176612E6C616E672E4E756D62657286AC951D0B94E08B02000078700000000000000156707E72000D636F6E7374616E742E526F6C6500000000000000001200007872000E6A6176612E6C616E672E456E756D00000000000000001200007870740007464143554C54597372002F6F72672E68696265726E6174652E636F6C6C656374696F6E2E696E7465726E616C2E50657273697374656E7453657486E4FDA1F2EEE0AF0200014C000373657471007E00037872003E6F72672E68696265726E6174652E636F6C6C656374696F6E2E696E7465726E616C2E416273747261637450657273697374656E74436F6C6C656374696F6E9B8CA200603B4E5502000949000A63616368656453697A655A000564697274795A000B696E697469616C697A65645A000D737065636A4C617A794C6F61644C00036B65797400164C6A6176612F696F2F53657269616C697A61626C653B4C00056F776E65727400124C6A6176612F6C616E672F4F626A6563743B4C0004726F6C6571007E00054C001273657373696F6E466163746F72795575696471007E00054C000E73746F726564536E617073686F7471007E00147870FFFFFFFF00000071007E000D71007E000974001D6D6F64656C2E557365722E73756273637269626564426F6F6B696E67737070707372000A6D6F64656C2E5465726D000000000000000102000549000C61636164656D6963596561724C000B646973706C61794E616D6571007E00054C0002696471007E00064C000A6D696C6573746F6E657371007E00034C000873656D657374657271007E00057870000007DD74000E323031332D3134205465726D20317371007E000B00000000000000037371007E0012FFFFFFFF00000071007E001B71007E00197400156D6F64656C2E5465726D2E6D696C6573746F6E65737070707400065465726D203174000763626F657363687371007E0012FFFFFFFF00000071007E000D71007E00097400236D6F64656C2E726F6C652E466163756C74792E7265717569726564426F6F6B696E67737070707371007E0012FFFFFFFF00000071007E000D71007E00097400276D6F64656C2E726F6C652E466163756C74792E756E617661696C61626C6554696D65736C6F74737070707E720011636F6E7374616E742E526573706F6E736500000000000000001200007871007E000F74000750454E44494E477371007E000274000C596F756E67736F6F204B494D7371007E000B00000000000001557071007E00107371007E0012FFFFFFFF00000071007E002971007E002771007E001770707071007E001974000579736B696D7371007E0012FFFFFFFF00000071007E002971007E002771007E00217070707371007E0012FFFFFFFF00000071007E002971007E002771007E002370707071007E002578,59,456),(54,1,'2013-10-22 14:50:58','2013-10-22 14:50:58','Fiona LEE',0xACED0005737200116A6176612E7574696C2E48617368536574BA44859596B8B7340300007870770C000000103F4000000000000078,NULL,0xACED0005737200116A6176612E7574696C2E486173684D61700507DAC1C31660D103000246000A6C6F6164466163746F724900097468726573686F6C6478703F4000000000000C77080000001000000002737200126D6F64656C2E726F6C652E466163756C747900000000000000010200024C00107265717569726564426F6F6B696E677374000F4C6A6176612F7574696C2F5365743B4C0014756E617661696C61626C6554696D65736C6F747371007E00037872000A6D6F64656C2E5573657200000000000000010200074C000866756C6C4E616D657400124C6A6176612F6C616E672F537472696E673B4C000269647400104C6A6176612F6C616E672F4C6F6E673B4C000C6D6F62696C654E756D62657271007E00054C0004726F6C6574000F4C636F6E7374616E742F526F6C653B4C001273756273637269626564426F6F6B696E677371007E00034C00047465726D74000C4C6D6F64656C2F5465726D3B4C0008757365726E616D6571007E000578707400105269636861726420432E2044415649537372000E6A6176612E6C616E672E4C6F6E673B8BE490CC8F23DF0200014A000576616C7565787200106A6176612E6C616E672E4E756D62657286AC951D0B94E08B02000078700000000000000154707E72000D636F6E7374616E742E526F6C6500000000000000001200007872000E6A6176612E6C616E672E456E756D00000000000000001200007870740007464143554C54597372002F6F72672E68696265726E6174652E636F6C6C656374696F6E2E696E7465726E616C2E50657273697374656E7453657486E4FDA1F2EEE0AF0200014C000373657471007E00037872003E6F72672E68696265726E6174652E636F6C6C656374696F6E2E696E7465726E616C2E416273747261637450657273697374656E74436F6C6C656374696F6E9B8CA200603B4E5502000949000A63616368656453697A655A000564697274795A000B696E697469616C697A65645A000D737065636A4C617A794C6F61644C00036B65797400164C6A6176612F696F2F53657269616C697A61626C653B4C00056F776E65727400124C6A6176612F6C616E672F4F626A6563743B4C0004726F6C6571007E00054C001273657373696F6E466163746F72795575696471007E00054C000E73746F726564536E617073686F7471007E00147870FFFFFFFF00000071007E000D71007E000974001D6D6F64656C2E557365722E73756273637269626564426F6F6B696E67737070707372000A6D6F64656C2E5465726D000000000000000102000549000C61636164656D6963596561724C000B646973706C61794E616D6571007E00054C0002696471007E00064C000A6D696C6573746F6E657371007E00034C000873656D657374657271007E00057870000007DD74000E323031332D3134205465726D20317371007E000B00000000000000037371007E0012FFFFFFFF00000071007E001B71007E00197400156D6F64656C2E5465726D2E6D696C6573746F6E65737070707400065465726D2031740007726364617669737371007E0012FFFFFFFF00000071007E000D71007E00097400236D6F64656C2E726F6C652E466163756C74792E7265717569726564426F6F6B696E67737070707371007E0012FFFFFFFF00000071007E000D71007E00097400276D6F64656C2E726F6C652E466163756C74792E756E617661696C61626C6554696D65736C6F74737070707E720011636F6E7374616E742E526573706F6E736500000000000000001200007871007E000F740008415050524F5645447371007E000274001542656E6A616D696E2047414E204B6F6B20536965777371007E000B00000000000001527071007E00107371007E0012FFFFFFFF00000071007E002971007E002771007E001770707071007E001974000B62656E6A616D696E67616E7371007E0012FFFFFFFF00000071007E002971007E002771007E00217070707371007E0012FFFFFFFF00000071007E002971007E002771007E002370707071007E002578,55,475),(55,1,'2013-10-22 14:51:36','2013-10-22 14:51:36','Fiona LEE',0xACED0005737200116A6176612E7574696C2E48617368536574BA44859596B8B7340300007870770C000000103F4000000000000078,NULL,0xACED0005737200116A6176612E7574696C2E486173684D61700507DAC1C31660D103000246000A6C6F6164466163746F724900097468726573686F6C6478703F4000000000000C77080000001000000002737200126D6F64656C2E726F6C652E466163756C747900000000000000010200024C00107265717569726564426F6F6B696E677374000F4C6A6176612F7574696C2F5365743B4C0014756E617661696C61626C6554696D65736C6F747371007E00037872000A6D6F64656C2E5573657200000000000000010200074C000866756C6C4E616D657400124C6A6176612F6C616E672F537472696E673B4C000269647400104C6A6176612F6C616E672F4C6F6E673B4C000C6D6F62696C654E756D62657271007E00054C0004726F6C6574000F4C636F6E7374616E742F526F6C653B4C001273756273637269626564426F6F6B696E677371007E00034C00047465726D74000C4C6D6F64656C2F5465726D3B4C0008757365726E616D6571007E000578707400105269636861726420432E2044415649537372000E6A6176612E6C616E672E4C6F6E673B8BE490CC8F23DF0200014A000576616C7565787200106A6176612E6C616E672E4E756D62657286AC951D0B94E08B02000078700000000000000154707E72000D636F6E7374616E742E526F6C6500000000000000001200007872000E6A6176612E6C616E672E456E756D00000000000000001200007870740007464143554C54597372002F6F72672E68696265726E6174652E636F6C6C656374696F6E2E696E7465726E616C2E50657273697374656E7453657486E4FDA1F2EEE0AF0200014C000373657471007E00037872003E6F72672E68696265726E6174652E636F6C6C656374696F6E2E696E7465726E616C2E416273747261637450657273697374656E74436F6C6C656374696F6E9B8CA200603B4E5502000949000A63616368656453697A655A000564697274795A000B696E697469616C697A65645A000D737065636A4C617A794C6F61644C00036B65797400164C6A6176612F696F2F53657269616C697A61626C653B4C00056F776E65727400124C6A6176612F6C616E672F4F626A6563743B4C0004726F6C6571007E00054C001273657373696F6E466163746F72795575696471007E00054C000E73746F726564536E617073686F7471007E00147870FFFFFFFF00000071007E000D71007E000974001D6D6F64656C2E557365722E73756273637269626564426F6F6B696E67737070707372000A6D6F64656C2E5465726D000000000000000102000549000C61636164656D6963596561724C000B646973706C61794E616D6571007E00054C0002696471007E00064C000A6D696C6573746F6E657371007E00034C000873656D657374657271007E00057870000007DD74000E323031332D3134205465726D20317371007E000B00000000000000037371007E0012FFFFFFFF00000071007E001B71007E00197400156D6F64656C2E5465726D2E6D696C6573746F6E65737070707400065465726D2031740007726364617669737371007E0012FFFFFFFF00000071007E000D71007E00097400236D6F64656C2E726F6C652E466163756C74792E7265717569726564426F6F6B696E67737070707371007E0012FFFFFFFF00000071007E000D71007E00097400276D6F64656C2E726F6C652E466163756C74792E756E617661696C61626C6554696D65736C6F74737070707E720011636F6E7374616E742E526573706F6E736500000000000000001200007871007E000F740008415050524F5645447371007E000274000D4348454F4B204C61692D5465657371007E000B00000000000001537071007E00107371007E0012FFFFFFFF00000071007E002971007E002771007E001770707071007E001974000B6C61697465656368656F6B7371007E0012FFFFFFFF00000071007E002971007E002771007E00217070707371007E0012FFFFFFFF00000071007E002971007E002771007E002370707071007E002578,46,465),(56,1,'2013-10-22 14:52:17','2013-10-22 14:52:17','Fiona LEE',0xACED0005737200116A6176612E7574696C2E48617368536574BA44859596B8B7340300007870770C000000103F4000000000000078,NULL,0xACED0005737200116A6176612E7574696C2E486173684D61700507DAC1C31660D103000246000A6C6F6164466163746F724900097468726573686F6C6478703F4000000000000C77080000001000000002737200126D6F64656C2E726F6C652E466163756C747900000000000000010200024C00107265717569726564426F6F6B696E677374000F4C6A6176612F7574696C2F5365743B4C0014756E617661696C61626C6554696D65736C6F747371007E00037872000A6D6F64656C2E5573657200000000000000010200074C000866756C6C4E616D657400124C6A6176612F6C616E672F537472696E673B4C000269647400104C6A6176612F6C616E672F4C6F6E673B4C000C6D6F62696C654E756D62657271007E00054C0004726F6C6574000F4C636F6E7374616E742F526F6C653B4C001273756273637269626564426F6F6B696E677371007E00034C00047465726D74000C4C6D6F64656C2F5465726D3B4C0008757365726E616D6571007E000578707400105269636861726420432E2044415649537372000E6A6176612E6C616E672E4C6F6E673B8BE490CC8F23DF0200014A000576616C7565787200106A6176612E6C616E672E4E756D62657286AC951D0B94E08B02000078700000000000000154707E72000D636F6E7374616E742E526F6C6500000000000000001200007872000E6A6176612E6C616E672E456E756D00000000000000001200007870740007464143554C54597372002F6F72672E68696265726E6174652E636F6C6C656374696F6E2E696E7465726E616C2E50657273697374656E7453657486E4FDA1F2EEE0AF0200014C000373657471007E00037872003E6F72672E68696265726E6174652E636F6C6C656374696F6E2E696E7465726E616C2E416273747261637450657273697374656E74436F6C6C656374696F6E9B8CA200603B4E5502000949000A63616368656453697A655A000564697274795A000B696E697469616C697A65645A000D737065636A4C617A794C6F61644C00036B65797400164C6A6176612F696F2F53657269616C697A61626C653B4C00056F776E65727400124C6A6176612F6C616E672F4F626A6563743B4C0004726F6C6571007E00054C001273657373696F6E466163746F72795575696471007E00054C000E73746F726564536E617073686F7471007E00147870FFFFFFFF00000071007E000D71007E000974001D6D6F64656C2E557365722E73756273637269626564426F6F6B696E67737070707372000A6D6F64656C2E5465726D000000000000000102000549000C61636164656D6963596561724C000B646973706C61794E616D6571007E00054C0002696471007E00064C000A6D696C6573746F6E657371007E00034C000873656D657374657271007E00057870000007DD74000E323031332D3134205465726D20317371007E000B00000000000000037371007E0012FFFFFFFF00000071007E001B71007E00197400156D6F64656C2E5465726D2E6D696C6573746F6E65737070707400065465726D2031740007726364617669737371007E0012FFFFFFFF00000071007E000D71007E00097400236D6F64656C2E726F6C652E466163756C74792E7265717569726564426F6F6B696E67737070707371007E0012FFFFFFFF00000071007E000D71007E00097400276D6F64656C2E726F6C652E466163756C74792E756E617661696C61626C6554696D65736C6F74737070707E720011636F6E7374616E742E526573706F6E736500000000000000001200007871007E000F740008415050524F5645447371007E000274000D4348454F4B204C61692D5465657371007E000B00000000000001537071007E00107371007E0012FFFFFFFF00000071007E002971007E002771007E001770707071007E001974000B6C61697465656368656F6B7371007E0012FFFFFFFF00000071007E002971007E002771007E00217070707371007E0012FFFFFFFF00000071007E002971007E002771007E002370707071007E002578,48,480),(57,3,'2013-10-22 15:12:04','2013-10-29 19:48:34','Fiona LEE',0xACED0005737200116A6176612E7574696C2E48617368536574BA44859596B8B7340300007870770C000000103F4000000000000574001B6A6572656E652E776F6E672E3230313140736D752E6564752E736774001864756C692E79656F2E3230313140736D752E6564752E736774001A7368696D696E2E6C6F6F2E3230313140736D752E6564752E736774001B64696E676A756E2E6C696D2E3230313140736D752E6564752E736774001A74696E6779752E6C6F6F2E3230313140736D752E6564752E736778,NULL,0xACED0005737200116A6176612E7574696C2E486173684D61700507DAC1C31660D103000246000A6C6F6164466163746F724900097468726573686F6C6478703F4000000000000C77080000001000000002737200126D6F64656C2E726F6C652E466163756C747900000000000000010200024C00107265717569726564426F6F6B696E677374000F4C6A6176612F7574696C2F5365743B4C0014756E617661696C61626C6554696D65736C6F747371007E00037872000A6D6F64656C2E5573657200000000000000010200074C000866756C6C4E616D657400124C6A6176612F6C616E672F537472696E673B4C000269647400104C6A6176612F6C616E672F4C6F6E673B4C000C6D6F62696C654E756D62657271007E00054C0004726F6C6574000F4C636F6E7374616E742F526F6C653B4C001273756273637269626564426F6F6B696E677371007E00034C00047465726D74000C4C6D6F64656C2F5465726D3B4C0008757365726E616D6571007E0005787074000C436872697320424F455343487372000E6A6176612E6C616E672E4C6F6E673B8BE490CC8F23DF0200014A000576616C7565787200106A6176612E6C616E672E4E756D62657286AC951D0B94E08B02000078700000000000000156707E72000D636F6E7374616E742E526F6C6500000000000000001200007872000E6A6176612E6C616E672E456E756D00000000000000001200007870740007464143554C54597372002F6F72672E68696265726E6174652E636F6C6C656374696F6E2E696E7465726E616C2E50657273697374656E7453657486E4FDA1F2EEE0AF0200014C000373657471007E00037872003E6F72672E68696265726E6174652E636F6C6C656374696F6E2E696E7465726E616C2E416273747261637450657273697374656E74436F6C6C656374696F6E9B8CA200603B4E5502000949000A63616368656453697A655A000564697274795A000B696E697469616C697A65645A000D737065636A4C617A794C6F61644C00036B65797400164C6A6176612F696F2F53657269616C697A61626C653B4C00056F776E65727400124C6A6176612F6C616E672F4F626A6563743B4C0004726F6C6571007E00054C001273657373696F6E466163746F72795575696471007E00054C000E73746F726564536E617073686F7471007E00147870FFFFFFFF00000071007E000D71007E000974001D6D6F64656C2E557365722E73756273637269626564426F6F6B696E67737070707372000A6D6F64656C2E5465726D000000000000000102000549000C61636164656D6963596561724C000B646973706C61794E616D6571007E00054C0002696471007E00064C000A6D696C6573746F6E657371007E00034C000873656D657374657271007E00057870000007DD74000E323031332D3134205465726D20317371007E000B00000000000000037371007E0012FFFFFFFF00000071007E001B71007E00197400156D6F64656C2E5465726D2E6D696C6573746F6E65737070707400065465726D203174000763626F657363687371007E0012FFFFFFFF00000071007E000D71007E00097400236D6F64656C2E726F6C652E466163756C74792E7265717569726564426F6F6B696E67737070707371007E0012FFFFFFFF00000071007E000D71007E00097400276D6F64656C2E726F6C652E466163756C74792E756E617661696C61626C6554696D65736C6F74737070707E720011636F6E7374616E742E526573706F6E736500000000000000001200007871007E000F740008415050524F5645447371007E000274000C596F756E67736F6F204B494D7371007E000B00000000000001557071007E00107371007E0012FFFFFFFF00000071007E002971007E002771007E001770707071007E001974000579736B696D7371007E0012FFFFFFFF00000071007E002971007E002771007E00217070707371007E0012FFFFFFFF00000071007E002971007E002771007E002370707071007E002578,59,462),(58,3,'2013-10-22 15:27:39','2013-10-25 11:59:27','Geraldine KOON Yuhua',0xACED0005737200116A6176612E7574696C2E48617368536574BA44859596B8B7340300007870770C000000103F40000000000002740017616C616E6D6567617267656C40736D752E6564752E73677400127263646176697340736D752E6564752E736778,NULL,0xACED0005737200116A6176612E7574696C2E486173684D61700507DAC1C31660D103000246000A6C6F6164466163746F724900097468726573686F6C6478703F4000000000000C77080000001000000002737200126D6F64656C2E726F6C652E466163756C747900000000000000010200024C00107265717569726564426F6F6B696E677374000F4C6A6176612F7574696C2F5365743B4C0014756E617661696C61626C6554696D65736C6F747371007E00037872000A6D6F64656C2E5573657200000000000000010200074C000866756C6C4E616D657400124C6A6176612F6C616E672F537472696E673B4C000269647400104C6A6176612F6C616E672F4C6F6E673B4C000C6D6F62696C654E756D62657271007E00054C0004726F6C6574000F4C636F6E7374616E742F526F6C653B4C001273756273637269626564426F6F6B696E677371007E00034C00047465726D74000C4C6D6F64656C2F5465726D3B4C0008757365726E616D6571007E0005787074000C436872697320424F455343487372000E6A6176612E6C616E672E4C6F6E673B8BE490CC8F23DF0200014A000576616C7565787200106A6176612E6C616E672E4E756D62657286AC951D0B94E08B02000078700000000000000156707E72000D636F6E7374616E742E526F6C6500000000000000001200007872000E6A6176612E6C616E672E456E756D00000000000000001200007870740007464143554C54597372002F6F72672E68696265726E6174652E636F6C6C656374696F6E2E696E7465726E616C2E50657273697374656E7453657486E4FDA1F2EEE0AF0200014C000373657471007E00037872003E6F72672E68696265726E6174652E636F6C6C656374696F6E2E696E7465726E616C2E416273747261637450657273697374656E74436F6C6C656374696F6E9B8CA200603B4E5502000949000A63616368656453697A655A000564697274795A000B696E697469616C697A65645A000D737065636A4C617A794C6F61644C00036B65797400164C6A6176612F696F2F53657269616C697A61626C653B4C00056F776E65727400124C6A6176612F6C616E672F4F626A6563743B4C0004726F6C6571007E00054C001273657373696F6E466163746F72795575696471007E00054C000E73746F726564536E617073686F7471007E00147870FFFFFFFF00000071007E000D71007E000974001D6D6F64656C2E557365722E73756273637269626564426F6F6B696E67737070707372000A6D6F64656C2E5465726D000000000000000102000549000C61636164656D6963596561724C000B646973706C61794E616D6571007E00054C0002696471007E00064C000A6D696C6573746F6E657371007E00034C000873656D657374657271007E00057870000007DD74000E323031332D3134205465726D20317371007E000B00000000000000037371007E0012FFFFFFFF00000071007E001B71007E00197400156D6F64656C2E5465726D2E6D696C6573746F6E65737070707400065465726D203174000763626F657363687371007E0012FFFFFFFF00000071007E000D71007E00097400236D6F64656C2E726F6C652E466163756C74792E7265717569726564426F6F6B696E67737070707371007E0012FFFFFFFF00000071007E000D71007E00097400276D6F64656C2E726F6C652E466163756C74792E756E617661696C61626C6554696D65736C6F74737070707E720011636F6E7374616E742E526573706F6E736500000000000000001200007871007E000F740008415050524F5645447371007E00027400105269636861726420432E2044415649537371007E000B00000000000001547071007E00107371007E0012FFFFFFFF00000071007E002971007E002771007E001770707071007E0019740007726364617669737371007E0012FFFFFFFF00000071007E002971007E002771007E00217070707371007E0012FFFFFFFF00000071007E002971007E002771007E002370707071007E002578,54,471),(59,2,'2013-10-22 16:16:21','2013-10-24 12:51:55','CHEOK Lai-Tee',0xACED0005737200116A6176612E7574696C2E48617368536574BA44859596B8B7340300007870770C000000103F4000000000000574001578726C65652E3230313140736D752E6564752E736774001A76697669616E2E6C61692E3230313140736D752E6564752E7367740019616C76696E2E736F682E3230313140736D752E6564752E736774001A68656E72792E74616E672E3230313140736D752E6564752E736774001B6A6572656D797A686F6E672E3230313140736D752E6564752E736778,'have 4 teams to attend, appreciate if can reschedule',0xACED0005737200116A6176612E7574696C2E486173684D61700507DAC1C31660D103000246000A6C6F6164466163746F724900097468726573686F6C6478703F4000000000000C77080000001000000002737200126D6F64656C2E726F6C652E466163756C747900000000000000010200024C00107265717569726564426F6F6B696E677374000F4C6A6176612F7574696C2F5365743B4C0014756E617661696C61626C6554696D65736C6F747371007E00037872000A6D6F64656C2E5573657200000000000000010200074C000866756C6C4E616D657400124C6A6176612F6C616E672F537472696E673B4C000269647400104C6A6176612F6C616E672F4C6F6E673B4C000C6D6F62696C654E756D62657271007E00054C0004726F6C6574000F4C636F6E7374616E742F526F6C653B4C001273756273637269626564426F6F6B696E677371007E00034C00047465726D74000C4C6D6F64656C2F5465726D3B4C0008757365726E616D6571007E0005787074000D4348454F4B204C61692D5465657372000E6A6176612E6C616E672E4C6F6E673B8BE490CC8F23DF0200014A000576616C7565787200106A6176612E6C616E672E4E756D62657286AC951D0B94E08B02000078700000000000000153707E72000D636F6E7374616E742E526F6C6500000000000000001200007872000E6A6176612E6C616E672E456E756D00000000000000001200007870740007464143554C54597372002F6F72672E68696265726E6174652E636F6C6C656374696F6E2E696E7465726E616C2E50657273697374656E7453657486E4FDA1F2EEE0AF0200014C000373657471007E00037872003E6F72672E68696265726E6174652E636F6C6C656374696F6E2E696E7465726E616C2E416273747261637450657273697374656E74436F6C6C656374696F6E9B8CA200603B4E5502000949000A63616368656453697A655A000564697274795A000B696E697469616C697A65645A000D737065636A4C617A794C6F61644C00036B65797400164C6A6176612F696F2F53657269616C697A61626C653B4C00056F776E65727400124C6A6176612F6C616E672F4F626A6563743B4C0004726F6C6571007E00054C001273657373696F6E466163746F72795575696471007E00054C000E73746F726564536E617073686F7471007E00147870FFFFFFFF00000071007E000D71007E000974001D6D6F64656C2E557365722E73756273637269626564426F6F6B696E67737070707372000A6D6F64656C2E5465726D000000000000000102000549000C61636164656D6963596561724C000B646973706C61794E616D6571007E00054C0002696471007E00064C000A6D696C6573746F6E657371007E00034C000873656D657374657271007E00057870000007DD74000E323031332D3134205465726D20317371007E000B00000000000000037371007E0012FFFFFFFF00000071007E001B71007E00197400156D6F64656C2E5465726D2E6D696C6573746F6E65737070707400065465726D203174000B6C61697465656368656F6B7371007E0012FFFFFFFF00000071007E000D71007E00097400236D6F64656C2E726F6C652E466163756C74792E7265717569726564426F6F6B696E67737070707371007E0012FFFFFFFF00000071007E000D71007E00097400276D6F64656C2E726F6C652E466163756C74792E756E617661696C61626C6554696D65736C6F74737070707E720011636F6E7374616E742E526573706F6E736500000000000000001200007871007E000F74000852454A45435445447371007E000274001542656E6A616D696E2047414E204B6F6B20536965777371007E000B00000000000001527071007E00107371007E0012FFFFFFFF00000071007E002971007E002771007E001770707071007E001974000B62656E6A616D696E67616E7371007E0012FFFFFFFF00000071007E002971007E002771007E00217070707371007E0012FFFFFFFF00000071007E002971007E002771007E00237070707E71007E0024740008415050524F56454478,42,470),(60,1,'2013-10-22 17:18:53','2013-10-22 17:18:53','Fiona LEE',0xACED0005737200116A6176612E7574696C2E48617368536574BA44859596B8B7340300007870770C000000103F4000000000000078,NULL,0xACED0005737200116A6176612E7574696C2E486173684D61700507DAC1C31660D103000246000A6C6F6164466163746F724900097468726573686F6C6478703F4000000000000C77080000001000000002737200126D6F64656C2E726F6C652E466163756C747900000000000000010200024C00107265717569726564426F6F6B696E677374000F4C6A6176612F7574696C2F5365743B4C0014756E617661696C61626C6554696D65736C6F747371007E00037872000A6D6F64656C2E5573657200000000000000010200074C000866756C6C4E616D657400124C6A6176612F6C616E672F537472696E673B4C000269647400104C6A6176612F6C616E672F4C6F6E673B4C000C6D6F62696C654E756D62657271007E00054C0004726F6C6574000F4C636F6E7374616E742F526F6C653B4C001273756273637269626564426F6F6B696E677371007E00034C00047465726D74000C4C6D6F64656C2F5465726D3B4C0008757365726E616D6571007E0005787074000C596F756E67736F6F204B494D7372000E6A6176612E6C616E672E4C6F6E673B8BE490CC8F23DF0200014A000576616C7565787200106A6176612E6C616E672E4E756D62657286AC951D0B94E08B02000078700000000000000155707E72000D636F6E7374616E742E526F6C6500000000000000001200007872000E6A6176612E6C616E672E456E756D00000000000000001200007870740007464143554C54597372002F6F72672E68696265726E6174652E636F6C6C656374696F6E2E696E7465726E616C2E50657273697374656E7453657486E4FDA1F2EEE0AF0200014C000373657471007E00037872003E6F72672E68696265726E6174652E636F6C6C656374696F6E2E696E7465726E616C2E416273747261637450657273697374656E74436F6C6C656374696F6E9B8CA200603B4E5502000949000A63616368656453697A655A000564697274795A000B696E697469616C697A65645A000D737065636A4C617A794C6F61644C00036B65797400164C6A6176612F696F2F53657269616C697A61626C653B4C00056F776E65727400124C6A6176612F6C616E672F4F626A6563743B4C0004726F6C6571007E00054C001273657373696F6E466163746F72795575696471007E00054C000E73746F726564536E617073686F7471007E00147870FFFFFFFF00000071007E000D71007E000974001D6D6F64656C2E557365722E73756273637269626564426F6F6B696E67737070707372000A6D6F64656C2E5465726D000000000000000102000549000C61636164656D6963596561724C000B646973706C61794E616D6571007E00054C0002696471007E00064C000A6D696C6573746F6E657371007E00034C000873656D657374657271007E00057870000007DD74000E323031332D3134205465726D20317371007E000B00000000000000037371007E0012FFFFFFFF00000071007E001B71007E00197400156D6F64656C2E5465726D2E6D696C6573746F6E65737070707400065465726D203174000579736B696D7371007E0012FFFFFFFF00000071007E000D71007E00097400236D6F64656C2E726F6C652E466163756C74792E7265717569726564426F6F6B696E67737070707371007E0012FFFFFFFF00000071007E000D71007E00097400276D6F64656C2E726F6C652E466163756C74792E756E617661696C61626C6554696D65736C6F74737070707E720011636F6E7374616E742E526573706F6E736500000000000000001200007871007E000F740008415050524F5645447371007E000274001542656E6A616D696E2047414E204B6F6B20536965777371007E000B00000000000001527071007E00107371007E0012FFFFFFFF00000071007E002971007E002771007E001770707071007E001974000B62656E6A616D696E67616E7371007E0012FFFFFFFF00000071007E002971007E002771007E00217070707371007E0012FFFFFFFF00000071007E002971007E002771007E002370707071007E002578,45,466),(61,3,'2013-10-22 21:02:25','2013-10-22 21:02:31','CAO Fangzhou',0xACED0005737200116A6176612E7574696C2E48617368536574BA44859596B8B7340300007870770C000000103F4000000000000078,NULL,0xACED0005737200116A6176612E7574696C2E486173684D61700507DAC1C31660D103000246000A6C6F6164466163746F724900097468726573686F6C6478703F4000000000000C77080000001000000001737200126D6F64656C2E726F6C652E466163756C747900000000000000010200024C00107265717569726564426F6F6B696E677374000F4C6A6176612F7574696C2F5365743B4C0014756E617661696C61626C6554696D65736C6F747371007E00037872000A6D6F64656C2E5573657200000000000000010200074C000866756C6C4E616D657400124C6A6176612F6C616E672F537472696E673B4C000269647400104C6A6176612F6C616E672F4C6F6E673B4C000C6D6F62696C654E756D62657271007E00054C0004726F6C6574000F4C636F6E7374616E742F526F6C653B4C001273756273637269626564426F6F6B696E677371007E00034C00047465726D74000C4C6D6F64656C2F5465726D3B4C0008757365726E616D6571007E0005787074001542656E6A616D696E2047414E204B6F6B20536965777372000E6A6176612E6C616E672E4C6F6E673B8BE490CC8F23DF0200014A000576616C7565787200106A6176612E6C616E672E4E756D62657286AC951D0B94E08B02000078700000000000000044707E72000D636F6E7374616E742E526F6C6500000000000000001200007872000E6A6176612E6C616E672E456E756D00000000000000001200007870740007464143554C54597372002F6F72672E68696265726E6174652E636F6C6C656374696F6E2E696E7465726E616C2E50657273697374656E7453657486E4FDA1F2EEE0AF0200014C000373657471007E00037872003E6F72672E68696265726E6174652E636F6C6C656374696F6E2E696E7465726E616C2E416273747261637450657273697374656E74436F6C6C656374696F6E9B8CA200603B4E5502000949000A63616368656453697A655A000564697274795A000B696E697469616C697A65645A000D737065636A4C617A794C6F61644C00036B65797400164C6A6176612F696F2F53657269616C697A61626C653B4C00056F776E65727400124C6A6176612F6C616E672F4F626A6563743B4C0004726F6C6571007E00054C001273657373696F6E466163746F72795575696471007E00054C000E73746F726564536E617073686F7471007E00147870FFFFFFFF00000071007E000D71007E000974001D6D6F64656C2E557365722E73756273637269626564426F6F6B696E67737070707372000A6D6F64656C2E5465726D000000000000000102000549000C61636164656D6963596561724C000B646973706C61794E616D6571007E00054C0002696471007E00064C000A6D696C6573746F6E657371007E00034C000873656D657374657271007E00057870000007DD74000E323031332D3134205465726D20327371007E000B00000000000000027371007E0012FFFFFFFF00000071007E001B71007E00197400156D6F64656C2E5465726D2E6D696C6573746F6E65737070707400065465726D203274000B62656E6A616D696E67616E7371007E0012FFFFFFFF00000071007E000D71007E00097400236D6F64656C2E726F6C652E466163756C74792E7265717569726564426F6F6B696E67737070707371007E0012FFFFFFFF00000071007E000D71007E00097400276D6F64656C2E726F6C652E466163756C74792E756E617661696C61626C6554696D65736C6F74737070707E720011636F6E7374616E742E526573706F6E736500000000000000001200007871007E000F74000750454E44494E4778,41,274),(62,3,'2013-10-22 21:08:17','2013-10-22 21:39:37','CAO Fangzhou',0xACED0005737200116A6176612E7574696C2E48617368536574BA44859596B8B7340300007870770C000000103F4000000000000078,NULL,0xACED0005737200116A6176612E7574696C2E486173684D61700507DAC1C31660D103000246000A6C6F6164466163746F724900097468726573686F6C6478703F4000000000000C77080000001000000001737200126D6F64656C2E726F6C652E466163756C747900000000000000010200024C00107265717569726564426F6F6B696E677374000F4C6A6176612F7574696C2F5365743B4C0014756E617661696C61626C6554696D65736C6F747371007E00037872000A6D6F64656C2E5573657200000000000000010200074C000866756C6C4E616D657400124C6A6176612F6C616E672F537472696E673B4C000269647400104C6A6176612F6C616E672F4C6F6E673B4C000C6D6F62696C654E756D62657271007E00054C0004726F6C6574000F4C636F6E7374616E742F526F6C653B4C001273756273637269626564426F6F6B696E677371007E00034C00047465726D74000C4C6D6F64656C2F5465726D3B4C0008757365726E616D6571007E0005787074001542656E6A616D696E2047414E204B6F6B20536965777372000E6A6176612E6C616E672E4C6F6E673B8BE490CC8F23DF0200014A000576616C7565787200106A6176612E6C616E672E4E756D62657286AC951D0B94E08B02000078700000000000000044707E72000D636F6E7374616E742E526F6C6500000000000000001200007872000E6A6176612E6C616E672E456E756D00000000000000001200007870740007464143554C54597372002F6F72672E68696265726E6174652E636F6C6C656374696F6E2E696E7465726E616C2E50657273697374656E7453657486E4FDA1F2EEE0AF0200014C000373657471007E00037872003E6F72672E68696265726E6174652E636F6C6C656374696F6E2E696E7465726E616C2E416273747261637450657273697374656E74436F6C6C656374696F6E9B8CA200603B4E5502000949000A63616368656453697A655A000564697274795A000B696E697469616C697A65645A000D737065636A4C617A794C6F61644C00036B65797400164C6A6176612F696F2F53657269616C697A61626C653B4C00056F776E65727400124C6A6176612F6C616E672F4F626A6563743B4C0004726F6C6571007E00054C001273657373696F6E466163746F72795575696471007E00054C000E73746F726564536E617073686F7471007E00147870FFFFFFFF00000071007E000D71007E000974001D6D6F64656C2E557365722E73756273637269626564426F6F6B696E67737070707372000A6D6F64656C2E5465726D000000000000000102000549000C61636164656D6963596561724C000B646973706C61794E616D6571007E00054C0002696471007E00064C000A6D696C6573746F6E657371007E00034C000873656D657374657271007E00057870000007DD74000E323031332D3134205465726D20327371007E000B00000000000000027371007E0012FFFFFFFF00000071007E001B71007E00197400156D6F64656C2E5465726D2E6D696C6573746F6E65737070707400065465726D203274000B62656E6A616D696E67616E7371007E0012FFFFFFFF00000071007E000D71007E00097400236D6F64656C2E726F6C652E466163756C74792E7265717569726564426F6F6B696E67737070707371007E0012FFFFFFFF00000071007E000D71007E00097400276D6F64656C2E726F6C652E466163756C74792E756E617661696C61626C6554696D65736C6F74737070707E720011636F6E7374616E742E526573706F6E736500000000000000001200007871007E000F74000750454E44494E4778,41,373),(63,1,'2013-10-22 21:33:54','2013-10-22 21:33:54','Fiona LEE',0xACED0005737200116A6176612E7574696C2E48617368536574BA44859596B8B7340300007870770C000000103F4000000000000078,NULL,0xACED0005737200116A6176612E7574696C2E486173684D61700507DAC1C31660D103000246000A6C6F6164466163746F724900097468726573686F6C6478703F4000000000000C77080000001000000002737200126D6F64656C2E726F6C652E466163756C747900000000000000010200024C00107265717569726564426F6F6B696E677374000F4C6A6176612F7574696C2F5365743B4C0014756E617661696C61626C6554696D65736C6F747371007E00037872000A6D6F64656C2E5573657200000000000000010200074C000866756C6C4E616D657400124C6A6176612F6C616E672F537472696E673B4C000269647400104C6A6176612F6C616E672F4C6F6E673B4C000C6D6F62696C654E756D62657271007E00054C0004726F6C6574000F4C636F6E7374616E742F526F6C653B4C001273756273637269626564426F6F6B696E677371007E00034C00047465726D74000C4C6D6F64656C2F5465726D3B4C0008757365726E616D6571007E0005787074000C596F756E67736F6F204B494D7372000E6A6176612E6C616E672E4C6F6E673B8BE490CC8F23DF0200014A000576616C7565787200106A6176612E6C616E672E4E756D62657286AC951D0B94E08B02000078700000000000000155707E72000D636F6E7374616E742E526F6C6500000000000000001200007872000E6A6176612E6C616E672E456E756D00000000000000001200007870740007464143554C54597372002F6F72672E68696265726E6174652E636F6C6C656374696F6E2E696E7465726E616C2E50657273697374656E7453657486E4FDA1F2EEE0AF0200014C000373657471007E00037872003E6F72672E68696265726E6174652E636F6C6C656374696F6E2E696E7465726E616C2E416273747261637450657273697374656E74436F6C6C656374696F6E9B8CA200603B4E5502000949000A63616368656453697A655A000564697274795A000B696E697469616C697A65645A000D737065636A4C617A794C6F61644C00036B65797400164C6A6176612F696F2F53657269616C697A61626C653B4C00056F776E65727400124C6A6176612F6C616E672F4F626A6563743B4C0004726F6C6571007E00054C001273657373696F6E466163746F72795575696471007E00054C000E73746F726564536E617073686F7471007E00147870FFFFFFFF00000071007E000D71007E000974001D6D6F64656C2E557365722E73756273637269626564426F6F6B696E67737070707372000A6D6F64656C2E5465726D000000000000000102000549000C61636164656D6963596561724C000B646973706C61794E616D6571007E00054C0002696471007E00064C000A6D696C6573746F6E657371007E00034C000873656D657374657271007E00057870000007DD74000E323031332D3134205465726D20317371007E000B00000000000000037371007E0012FFFFFFFF00000071007E001B71007E00197400156D6F64656C2E5465726D2E6D696C6573746F6E65737070707400065465726D203174000579736B696D7371007E0012FFFFFFFF00000071007E000D71007E00097400236D6F64656C2E726F6C652E466163756C74792E7265717569726564426F6F6B696E67737070707371007E0012FFFFFFFF00000071007E000D71007E00097400276D6F64656C2E726F6C652E466163756C74792E756E617661696C61626C6554696D65736C6F74737070707E720011636F6E7374616E742E526573706F6E736500000000000000001200007871007E000F740008415050524F5645447371007E00027400105269636861726420432E2044415649537371007E000B00000000000001547071007E00107371007E0012FFFFFFFF00000071007E002971007E002771007E001770707071007E0019740007726364617669737371007E0012FFFFFFFF00000071007E002971007E002771007E00217070707371007E0012FFFFFFFF00000071007E002971007E002771007E002370707071007E002578,58,477),(64,1,'2013-10-22 21:43:43','2013-10-24 12:37:45','CHEOK Lai-Tee',0xACED0005737200116A6176612E7574696C2E48617368536574BA44859596B8B7340300007870770C000000103F4000000000000774001263626F6573636840736D752E6564752E736774001B726F73616E6E6563686F6F2E3230313140736D752E6564752E7367740015776A7765652E3230313140736D752E6564752E736774001962696C6C792E6C616D2E3230313140736D752E6564752E736774001773792E636869612E3230313140736D752E6564752E736774001B6A756E6B6961742E6B6F682E3230313140736D752E6564752E73677400106C636B6F6840736D752E6564752E736778,NULL,0xACED0005737200116A6176612E7574696C2E486173684D61700507DAC1C31660D103000246000A6C6F6164466163746F724900097468726573686F6C6478703F4000000000000C77080000001000000002737200126D6F64656C2E726F6C652E466163756C747900000000000000010200024C00107265717569726564426F6F6B696E677374000F4C6A6176612F7574696C2F5365743B4C0014756E617661696C61626C6554696D65736C6F747371007E00037872000A6D6F64656C2E5573657200000000000000010200074C000866756C6C4E616D657400124C6A6176612F6C616E672F537472696E673B4C000269647400104C6A6176612F6C616E672F4C6F6E673B4C000C6D6F62696C654E756D62657271007E00054C0004726F6C6574000F4C636F6E7374616E742F526F6C653B4C001273756273637269626564426F6F6B696E677371007E00034C00047465726D74000C4C6D6F64656C2F5465726D3B4C0008757365726E616D6571007E0005787074000D4348454F4B204C61692D5465657372000E6A6176612E6C616E672E4C6F6E673B8BE490CC8F23DF0200014A000576616C7565787200106A6176612E6C616E672E4E756D62657286AC951D0B94E08B02000078700000000000000153707E72000D636F6E7374616E742E526F6C6500000000000000001200007872000E6A6176612E6C616E672E456E756D00000000000000001200007870740007464143554C54597372002F6F72672E68696265726E6174652E636F6C6C656374696F6E2E696E7465726E616C2E50657273697374656E7453657486E4FDA1F2EEE0AF0200014C000373657471007E00037872003E6F72672E68696265726E6174652E636F6C6C656374696F6E2E696E7465726E616C2E416273747261637450657273697374656E74436F6C6C656374696F6E9B8CA200603B4E5502000949000A63616368656453697A655A000564697274795A000B696E697469616C697A65645A000D737065636A4C617A794C6F61644C00036B65797400164C6A6176612F696F2F53657269616C697A61626C653B4C00056F776E65727400124C6A6176612F6C616E672F4F626A6563743B4C0004726F6C6571007E00054C001273657373696F6E466163746F72795575696471007E00054C000E73746F726564536E617073686F7471007E00147870FFFFFFFF00000071007E000D71007E000974001D6D6F64656C2E557365722E73756273637269626564426F6F6B696E67737070707372000A6D6F64656C2E5465726D000000000000000102000549000C61636164656D6963596561724C000B646973706C61794E616D6571007E00054C0002696471007E00064C000A6D696C6573746F6E657371007E00034C000873656D657374657271007E00057870000007DD74000E323031332D3134205465726D20317371007E000B00000000000000037371007E0012FFFFFFFF00000071007E001B71007E00197400156D6F64656C2E5465726D2E6D696C6573746F6E65737070707400065465726D203174000B6C61697465656368656F6B7371007E0012FFFFFFFF00000071007E000D71007E00097400236D6F64656C2E726F6C652E466163756C74792E7265717569726564426F6F6B696E67737070707371007E0012FFFFFFFF00000071007E000D71007E00097400276D6F64656C2E726F6C652E466163756C74792E756E617661696C61626C6554696D65736C6F74737070707E720011636F6E7374616E742E526573706F6E736500000000000000001200007871007E000F740008415050524F5645447371007E000274001542656E6A616D696E2047414E204B6F6B20536965777371007E000B00000000000001527071007E00107371007E0012FFFFFFFF00000071007E002971007E002771007E001770707071007E001974000B62656E6A616D696E67616E7371007E0012FFFFFFFF00000071007E002971007E002771007E00217070707371007E0012FFFFFFFF00000071007E002971007E002771007E002370707071007E002578,49,459),(65,1,'2013-10-22 22:24:14','2013-10-23 09:47:03','Benjamin GAN Kok Siew',0xACED0005737200116A6176612E7574696C2E48617368536574BA44859596B8B7340300007870770C000000103F4000000000000174001262626F6E696B40616473632E636F6D2E736778,NULL,0xACED0005737200116A6176612E7574696C2E486173684D61700507DAC1C31660D103000246000A6C6F6164466163746F724900097468726573686F6C6478703F4000000000000C77080000001000000002737200126D6F64656C2E726F6C652E466163756C747900000000000000010200024C00107265717569726564426F6F6B696E677374000F4C6A6176612F7574696C2F5365743B4C0014756E617661696C61626C6554696D65736C6F747371007E00037872000A6D6F64656C2E5573657200000000000000010200074C000866756C6C4E616D657400124C6A6176612F6C616E672F537472696E673B4C000269647400104C6A6176612F6C616E672F4C6F6E673B4C000C6D6F62696C654E756D62657271007E00054C0004726F6C6574000F4C636F6E7374616E742F526F6C653B4C001273756273637269626564426F6F6B696E677371007E00034C00047465726D74000C4C6D6F64656C2F5465726D3B4C0008757365726E616D6571007E0005787074000C596F756E67736F6F204B494D7372000E6A6176612E6C616E672E4C6F6E673B8BE490CC8F23DF0200014A000576616C7565787200106A6176612E6C616E672E4E756D62657286AC951D0B94E08B02000078700000000000000155707E72000D636F6E7374616E742E526F6C6500000000000000001200007872000E6A6176612E6C616E672E456E756D00000000000000001200007870740007464143554C54597372002F6F72672E68696265726E6174652E636F6C6C656374696F6E2E696E7465726E616C2E50657273697374656E7453657486E4FDA1F2EEE0AF0200014C000373657471007E00037872003E6F72672E68696265726E6174652E636F6C6C656374696F6E2E696E7465726E616C2E416273747261637450657273697374656E74436F6C6C656374696F6E9B8CA200603B4E5502000949000A63616368656453697A655A000564697274795A000B696E697469616C697A65645A000D737065636A4C617A794C6F61644C00036B65797400164C6A6176612F696F2F53657269616C697A61626C653B4C00056F776E65727400124C6A6176612F6C616E672F4F626A6563743B4C0004726F6C6571007E00054C001273657373696F6E466163746F72795575696471007E00054C000E73746F726564536E617073686F7471007E00147870FFFFFFFF00000071007E000D71007E000974001D6D6F64656C2E557365722E73756273637269626564426F6F6B696E67737070707372000A6D6F64656C2E5465726D000000000000000102000549000C61636164656D6963596561724C000B646973706C61794E616D6571007E00054C0002696471007E00064C000A6D696C6573746F6E657371007E00034C000873656D657374657271007E00057870000007DD74000E323031332D3134205465726D20317371007E000B00000000000000037371007E0012FFFFFFFF00000071007E001B71007E00197400156D6F64656C2E5465726D2E6D696C6573746F6E65737070707400065465726D203174000579736B696D7371007E0012FFFFFFFF00000071007E000D71007E00097400236D6F64656C2E726F6C652E466163756C74792E7265717569726564426F6F6B696E67737070707371007E0012FFFFFFFF00000071007E000D71007E00097400276D6F64656C2E726F6C652E466163756C74792E756E617661696C61626C6554696D65736C6F74737070707E720011636F6E7374616E742E526573706F6E736500000000000000001200007871007E000F740008415050524F5645447371007E000274001542656E6A616D696E2047414E204B6F6B20536965777371007E000B00000000000001527071007E00107371007E0012FFFFFFFF00000071007E002971007E002771007E001770707071007E001974000B62656E6A616D696E67616E7371007E0012FFFFFFFF00000071007E002971007E002771007E00217070707371007E0012FFFFFFFF00000071007E002971007E002771007E002370707071007E002578,57,474),(66,2,'2013-10-23 00:05:31','2013-10-23 03:00:00','IS480 Scheduling System',0xACED0005737200116A6176612E7574696C2E48617368536574BA44859596B8B7340300007870770C000000103F4000000000000078,'Faculty response overdue. Releasing timeslot.',0xACED0005737200116A6176612E7574696C2E486173684D61700507DAC1C31660D103000246000A6C6F6164466163746F724900097468726573686F6C6478703F4000000000000C77080000001000000001737200126D6F64656C2E726F6C652E466163756C747900000000000000010200024C00107265717569726564426F6F6B696E677374000F4C6A6176612F7574696C2F5365743B4C0014756E617661696C61626C6554696D65736C6F747371007E00037872000A6D6F64656C2E5573657200000000000000010200074C000866756C6C4E616D657400124C6A6176612F6C616E672F537472696E673B4C000269647400104C6A6176612F6C616E672F4C6F6E673B4C000C6D6F62696C654E756D62657271007E00054C0004726F6C6574000F4C636F6E7374616E742F526F6C653B4C001273756273637269626564426F6F6B696E677371007E00034C00047465726D74000C4C6D6F64656C2F5465726D3B4C0008757365726E616D6571007E0005787074001542656E6A616D696E2047414E204B6F6B20536965777372000E6A6176612E6C616E672E4C6F6E673B8BE490CC8F23DF0200014A000576616C7565787200106A6176612E6C616E672E4E756D62657286AC951D0B94E08B02000078700000000000000044707E72000D636F6E7374616E742E526F6C6500000000000000001200007872000E6A6176612E6C616E672E456E756D00000000000000001200007870740007464143554C54597372002F6F72672E68696265726E6174652E636F6C6C656374696F6E2E696E7465726E616C2E50657273697374656E7453657486E4FDA1F2EEE0AF0200014C000373657471007E00037872003E6F72672E68696265726E6174652E636F6C6C656374696F6E2E696E7465726E616C2E416273747261637450657273697374656E74436F6C6C656374696F6E9B8CA200603B4E5502000949000A63616368656453697A655A000564697274795A000B696E697469616C697A65645A000D737065636A4C617A794C6F61644C00036B65797400164C6A6176612F696F2F53657269616C697A61626C653B4C00056F776E65727400124C6A6176612F6C616E672F4F626A6563743B4C0004726F6C6571007E00054C001273657373696F6E466163746F72795575696471007E00054C000E73746F726564536E617073686F7471007E00147870FFFFFFFF00000071007E000D71007E000974001D6D6F64656C2E557365722E73756273637269626564426F6F6B696E67737070707372000A6D6F64656C2E5465726D000000000000000102000549000C61636164656D6963596561724C000B646973706C61794E616D6571007E00054C0002696471007E00064C000A6D696C6573746F6E657371007E00034C000873656D657374657271007E00057870000007DD74000E323031332D3134205465726D20327371007E000B00000000000000027371007E0012FFFFFFFF00000071007E001B71007E00197400156D6F64656C2E5465726D2E6D696C6573746F6E65737070707400065465726D203274000B62656E6A616D696E67616E7371007E0012FFFFFFFF00000071007E000D71007E00097400236D6F64656C2E726F6C652E466163756C74792E7265717569726564426F6F6B696E67737070707371007E0012FFFFFFFF00000071007E000D71007E00097400276D6F64656C2E726F6C652E466163756C74792E756E617661696C61626C6554696D65736C6F74737070707E720011636F6E7374616E742E526573706F6E736500000000000000001200007871007E000F74000750454E44494E4778,41,452),(67,1,'2013-10-23 08:05:33','2013-10-23 12:01:29','Seema CHOKSHI',0xACED0005737200116A6176612E7574696C2E48617368536574BA44859596B8B7340300007870770C000000103F4000000000000078,NULL,0xACED0005737200116A6176612E7574696C2E486173684D61700507DAC1C31660D103000246000A6C6F6164466163746F724900097468726573686F6C6478703F4000000000000C77080000001000000001737200126D6F64656C2E726F6C652E466163756C747900000000000000010200024C00107265717569726564426F6F6B696E677374000F4C6A6176612F7574696C2F5365743B4C0014756E617661696C61626C6554696D65736C6F747371007E00037872000A6D6F64656C2E5573657200000000000000010200074C000866756C6C4E616D657400124C6A6176612F6C616E672F537472696E673B4C000269647400104C6A6176612F6C616E672F4C6F6E673B4C000C6D6F62696C654E756D62657271007E00054C0004726F6C6574000F4C636F6E7374616E742F526F6C653B4C001273756273637269626564426F6F6B696E677371007E00034C00047465726D74000C4C6D6F64656C2F5465726D3B4C0008757365726E616D6571007E0005787074000D5365656D612043484F4B5348497372000E6A6176612E6C616E672E4C6F6E673B8BE490CC8F23DF0200014A000576616C7565787200106A6176612E6C616E672E4E756D62657286AC951D0B94E08B02000078700000000000000048707E72000D636F6E7374616E742E526F6C6500000000000000001200007872000E6A6176612E6C616E672E456E756D00000000000000001200007870740007464143554C54597372002F6F72672E68696265726E6174652E636F6C6C656374696F6E2E696E7465726E616C2E50657273697374656E7453657486E4FDA1F2EEE0AF0200014C000373657471007E00037872003E6F72672E68696265726E6174652E636F6C6C656374696F6E2E696E7465726E616C2E416273747261637450657273697374656E74436F6C6C656374696F6E9B8CA200603B4E5502000949000A63616368656453697A655A000564697274795A000B696E697469616C697A65645A000D737065636A4C617A794C6F61644C00036B65797400164C6A6176612F696F2F53657269616C697A61626C653B4C00056F776E65727400124C6A6176612F6C616E672F4F626A6563743B4C0004726F6C6571007E00054C001273657373696F6E466163746F72795575696471007E00054C000E73746F726564536E617073686F7471007E00147870FFFFFFFF00000071007E000D71007E000974001D6D6F64656C2E557365722E73756273637269626564426F6F6B696E67737070707372000A6D6F64656C2E5465726D000000000000000102000549000C61636164656D6963596561724C000B646973706C61794E616D6571007E00054C0002696471007E00064C000A6D696C6573746F6E657371007E00034C000873656D657374657271007E00057870000007DD74000E323031332D3134205465726D20327371007E000B00000000000000027371007E0012FFFFFFFF00000071007E001B71007E00197400156D6F64656C2E5465726D2E6D696C6573746F6E65737070707400065465726D20327400067365656D61637371007E0012FFFFFFFF00000071007E000D71007E00097400236D6F64656C2E726F6C652E466163756C74792E7265717569726564426F6F6B696E67737070707371007E0012FFFFFFFF00000071007E000D71007E00097400276D6F64656C2E726F6C652E466163756C74792E756E617661696C61626C6554696D65736C6F74737070707E720011636F6E7374616E742E526573706F6E736500000000000000001200007871007E000F740008415050524F56454478,38,448),(68,1,'2013-10-23 08:06:51','2013-10-23 09:51:09','Benjamin GAN Kok Siew',0xACED0005737200116A6176612E7574696C2E48617368536574BA44859596B8B7340300007870770C000000103F4000000000000078,NULL,0xACED0005737200116A6176612E7574696C2E486173684D61700507DAC1C31660D103000246000A6C6F6164466163746F724900097468726573686F6C6478703F4000000000000C77080000001000000001737200126D6F64656C2E726F6C652E466163756C747900000000000000010200024C00107265717569726564426F6F6B696E677374000F4C6A6176612F7574696C2F5365743B4C0014756E617661696C61626C6554696D65736C6F747371007E00037872000A6D6F64656C2E5573657200000000000000010200074C000866756C6C4E616D657400124C6A6176612F6C616E672F537472696E673B4C000269647400104C6A6176612F6C616E672F4C6F6E673B4C000C6D6F62696C654E756D62657271007E00054C0004726F6C6574000F4C636F6E7374616E742F526F6C653B4C001273756273637269626564426F6F6B696E677371007E00034C00047465726D74000C4C6D6F64656C2F5465726D3B4C0008757365726E616D6571007E0005787074001542656E6A616D696E2047414E204B6F6B20536965777372000E6A6176612E6C616E672E4C6F6E673B8BE490CC8F23DF0200014A000576616C7565787200106A6176612E6C616E672E4E756D62657286AC951D0B94E08B02000078700000000000000044707E72000D636F6E7374616E742E526F6C6500000000000000001200007872000E6A6176612E6C616E672E456E756D00000000000000001200007870740007464143554C54597372002F6F72672E68696265726E6174652E636F6C6C656374696F6E2E696E7465726E616C2E50657273697374656E7453657486E4FDA1F2EEE0AF0200014C000373657471007E00037872003E6F72672E68696265726E6174652E636F6C6C656374696F6E2E696E7465726E616C2E416273747261637450657273697374656E74436F6C6C656374696F6E9B8CA200603B4E5502000949000A63616368656453697A655A000564697274795A000B696E697469616C697A65645A000D737065636A4C617A794C6F61644C00036B65797400164C6A6176612F696F2F53657269616C697A61626C653B4C00056F776E65727400124C6A6176612F6C616E672F4F626A6563743B4C0004726F6C6571007E00054C001273657373696F6E466163746F72795575696471007E00054C000E73746F726564536E617073686F7471007E00147870FFFFFFFF00000071007E000D71007E000974001D6D6F64656C2E557365722E73756273637269626564426F6F6B696E67737070707372000A6D6F64656C2E5465726D000000000000000102000549000C61636164656D6963596561724C000B646973706C61794E616D6571007E00054C0002696471007E00064C000A6D696C6573746F6E657371007E00034C000873656D657374657271007E00057870000007DD74000E323031332D3134205465726D20327371007E000B00000000000000027371007E0012FFFFFFFF00000071007E001B71007E00197400156D6F64656C2E5465726D2E6D696C6573746F6E65737070707400065465726D203274000B62656E6A616D696E67616E7371007E0012FFFFFFFF00000071007E000D71007E00097400236D6F64656C2E726F6C652E466163756C74792E7265717569726564426F6F6B696E67737070707371007E0012FFFFFFFF00000071007E000D71007E00097400276D6F64656C2E726F6C652E466163756C74792E756E617661696C61626C6554696D65736C6F74737070707E720011636F6E7374616E742E526573706F6E736500000000000000001200007871007E000F740008415050524F56454478,41,452),(69,1,'2013-10-23 08:20:02','2013-10-24 12:38:59','CHEOK Lai-Tee',0xACED0005737200116A6176612E7574696C2E48617368536574BA44859596B8B7340300007870770C000000103F40000000000001740017616C616E6D6567617267656C40736D752E6564752E736778,NULL,0xACED0005737200116A6176612E7574696C2E486173684D61700507DAC1C31660D103000246000A6C6F6164466163746F724900097468726573686F6C6478703F4000000000000C77080000001000000002737200126D6F64656C2E726F6C652E466163756C747900000000000000010200024C00107265717569726564426F6F6B696E677374000F4C6A6176612F7574696C2F5365743B4C0014756E617661696C61626C6554696D65736C6F747371007E00037872000A6D6F64656C2E5573657200000000000000010200074C000866756C6C4E616D657400124C6A6176612F6C616E672F537472696E673B4C000269647400104C6A6176612F6C616E672F4C6F6E673B4C000C6D6F62696C654E756D62657271007E00054C0004726F6C6574000F4C636F6E7374616E742F526F6C653B4C001273756273637269626564426F6F6B696E677371007E00034C00047465726D74000C4C6D6F64656C2F5465726D3B4C0008757365726E616D6571007E0005787074000C436872697320424F455343487372000E6A6176612E6C616E672E4C6F6E673B8BE490CC8F23DF0200014A000576616C7565787200106A6176612E6C616E672E4E756D62657286AC951D0B94E08B02000078700000000000000156707E72000D636F6E7374616E742E526F6C6500000000000000001200007872000E6A6176612E6C616E672E456E756D00000000000000001200007870740007464143554C54597372002F6F72672E68696265726E6174652E636F6C6C656374696F6E2E696E7465726E616C2E50657273697374656E7453657486E4FDA1F2EEE0AF0200014C000373657471007E00037872003E6F72672E68696265726E6174652E636F6C6C656374696F6E2E696E7465726E616C2E416273747261637450657273697374656E74436F6C6C656374696F6E9B8CA200603B4E5502000949000A63616368656453697A655A000564697274795A000B696E697469616C697A65645A000D737065636A4C617A794C6F61644C00036B65797400164C6A6176612F696F2F53657269616C697A61626C653B4C00056F776E65727400124C6A6176612F6C616E672F4F626A6563743B4C0004726F6C6571007E00054C001273657373696F6E466163746F72795575696471007E00054C000E73746F726564536E617073686F7471007E00147870FFFFFFFF00000071007E000D71007E000974001D6D6F64656C2E557365722E73756273637269626564426F6F6B696E67737070707372000A6D6F64656C2E5465726D000000000000000102000549000C61636164656D6963596561724C000B646973706C61794E616D6571007E00054C0002696471007E00064C000A6D696C6573746F6E657371007E00034C000873656D657374657271007E00057870000007DD74000E323031332D3134205465726D20317371007E000B00000000000000037371007E0012FFFFFFFF00000071007E001B71007E00197400156D6F64656C2E5465726D2E6D696C6573746F6E65737070707400065465726D203174000763626F657363687371007E0012FFFFFFFF00000071007E000D71007E00097400236D6F64656C2E726F6C652E466163756C74792E7265717569726564426F6F6B696E67737070707371007E0012FFFFFFFF00000071007E000D71007E00097400276D6F64656C2E726F6C652E466163756C74792E756E617661696C61626C6554696D65736C6F74737070707E720011636F6E7374616E742E526573706F6E736500000000000000001200007871007E000F740008415050524F5645447371007E000274000D4348454F4B204C61692D5465657371007E000B00000000000001537071007E00107371007E0012FFFFFFFF00000071007E002971007E002771007E001770707071007E001974000B6C61697465656368656F6B7371007E0012FFFFFFFF00000071007E002971007E002771007E00217070707371007E0012FFFFFFFF00000071007E002971007E002771007E002370707071007E002578,47,501),(70,1,'2013-10-23 19:10:10','2013-10-23 19:10:10','Fiona LEE',0xACED0005737200116A6176612E7574696C2E48617368536574BA44859596B8B7340300007870770C000000103F4000000000000078,NULL,0xACED0005737200116A6176612E7574696C2E486173684D61700507DAC1C31660D103000246000A6C6F6164466163746F724900097468726573686F6C6478703F4000000000000C77080000001000000002737200126D6F64656C2E726F6C652E466163756C747900000000000000010200024C00107265717569726564426F6F6B696E677374000F4C6A6176612F7574696C2F5365743B4C0014756E617661696C61626C6554696D65736C6F747371007E00037872000A6D6F64656C2E5573657200000000000000010200074C000866756C6C4E616D657400124C6A6176612F6C616E672F537472696E673B4C000269647400104C6A6176612F6C616E672F4C6F6E673B4C000C6D6F62696C654E756D62657271007E00054C0004726F6C6574000F4C636F6E7374616E742F526F6C653B4C001273756273637269626564426F6F6B696E677371007E00034C00047465726D74000C4C6D6F64656C2F5465726D3B4C0008757365726E616D6571007E0005787074000C436872697320424F455343487372000E6A6176612E6C616E672E4C6F6E673B8BE490CC8F23DF0200014A000576616C7565787200106A6176612E6C616E672E4E756D62657286AC951D0B94E08B02000078700000000000000156707E72000D636F6E7374616E742E526F6C6500000000000000001200007872000E6A6176612E6C616E672E456E756D00000000000000001200007870740007464143554C54597372002F6F72672E68696265726E6174652E636F6C6C656374696F6E2E696E7465726E616C2E50657273697374656E7453657486E4FDA1F2EEE0AF0200014C000373657471007E00037872003E6F72672E68696265726E6174652E636F6C6C656374696F6E2E696E7465726E616C2E416273747261637450657273697374656E74436F6C6C656374696F6E9B8CA200603B4E5502000949000A63616368656453697A655A000564697274795A000B696E697469616C697A65645A000D737065636A4C617A794C6F61644C00036B65797400164C6A6176612F696F2F53657269616C697A61626C653B4C00056F776E65727400124C6A6176612F6C616E672F4F626A6563743B4C0004726F6C6571007E00054C001273657373696F6E466163746F72795575696471007E00054C000E73746F726564536E617073686F7471007E00147870FFFFFFFF00000071007E000D71007E000974001D6D6F64656C2E557365722E73756273637269626564426F6F6B696E67737070707372000A6D6F64656C2E5465726D000000000000000102000549000C61636164656D6963596561724C000B646973706C61794E616D6571007E00054C0002696471007E00064C000A6D696C6573746F6E657371007E00034C000873656D657374657271007E00057870000007DD74000E323031332D3134205465726D20317371007E000B00000000000000037371007E0012FFFFFFFF00000071007E001B71007E00197400156D6F64656C2E5465726D2E6D696C6573746F6E65737070707400065465726D203174000763626F657363687371007E0012FFFFFFFF00000071007E000D71007E00097400236D6F64656C2E726F6C652E466163756C74792E7265717569726564426F6F6B696E67737070707371007E0012FFFFFFFF00000071007E000D71007E00097400276D6F64656C2E726F6C652E466163756C74792E756E617661696C61626C6554696D65736C6F74737070707E720011636F6E7374616E742E526573706F6E736500000000000000001200007871007E000F740008415050524F5645447371007E000274000C596F756E67736F6F204B494D7371007E000B00000000000001557071007E00107371007E0012FFFFFFFF00000071007E002971007E002771007E001770707071007E001974000579736B696D7371007E0012FFFFFFFF00000071007E002971007E002771007E00217070707371007E0012FFFFFFFF00000071007E002971007E002771007E002370707071007E002578,60,498),(71,3,'2013-10-23 23:51:34','2013-10-24 12:08:10','HARYONO',0xACED0005737200116A6176612E7574696C2E48617368536574BA44859596B8B7340300007870770C000000103F4000000000000774001763616E77616E672E3230313140736D752E6564752E736774001079736B696D40736D752E6564752E736774001662656E6A616D696E67616E40736D752E6564752E7367740017686172796F6E6F2E3230313140736D752E6564752E73677400166C61697465656368656F6B40736D752E6564752E7367740014797566752E3230313140736D752E6564752E736774001664756F2E6C692E3230313140736D752E6564752E736778,NULL,0xACED0005737200116A6176612E7574696C2E486173684D61700507DAC1C31660D103000246000A6C6F6164466163746F724900097468726573686F6C6478703F4000000000000C77080000001000000002737200126D6F64656C2E726F6C652E466163756C747900000000000000010200024C00107265717569726564426F6F6B696E677374000F4C6A6176612F7574696C2F5365743B4C0014756E617661696C61626C6554696D65736C6F747371007E00037872000A6D6F64656C2E5573657200000000000000010200074C000866756C6C4E616D657400124C6A6176612F6C616E672F537472696E673B4C000269647400104C6A6176612F6C616E672F4C6F6E673B4C000C6D6F62696C654E756D62657271007E00054C0004726F6C6574000F4C636F6E7374616E742F526F6C653B4C001273756273637269626564426F6F6B696E677371007E00034C00047465726D74000C4C6D6F64656C2F5465726D3B4C0008757365726E616D6571007E0005787074000C596F756E67736F6F204B494D7372000E6A6176612E6C616E672E4C6F6E673B8BE490CC8F23DF0200014A000576616C7565787200106A6176612E6C616E672E4E756D62657286AC951D0B94E08B02000078700000000000000155707E72000D636F6E7374616E742E526F6C6500000000000000001200007872000E6A6176612E6C616E672E456E756D00000000000000001200007870740007464143554C54597372002F6F72672E68696265726E6174652E636F6C6C656374696F6E2E696E7465726E616C2E50657273697374656E7453657486E4FDA1F2EEE0AF0200014C000373657471007E00037872003E6F72672E68696265726E6174652E636F6C6C656374696F6E2E696E7465726E616C2E416273747261637450657273697374656E74436F6C6C656374696F6E9B8CA200603B4E5502000949000A63616368656453697A655A000564697274795A000B696E697469616C697A65645A000D737065636A4C617A794C6F61644C00036B65797400164C6A6176612F696F2F53657269616C697A61626C653B4C00056F776E65727400124C6A6176612F6C616E672F4F626A6563743B4C0004726F6C6571007E00054C001273657373696F6E466163746F72795575696471007E00054C000E73746F726564536E617073686F7471007E00147870FFFFFFFF00000071007E000D71007E000974001D6D6F64656C2E557365722E73756273637269626564426F6F6B696E67737070707372000A6D6F64656C2E5465726D000000000000000102000549000C61636164656D6963596561724C000B646973706C61794E616D6571007E00054C0002696471007E00064C000A6D696C6573746F6E657371007E00034C000873656D657374657271007E00057870000007DD74000E323031332D3134205465726D20317371007E000B00000000000000037371007E0012FFFFFFFF00000071007E001B71007E00197400156D6F64656C2E5465726D2E6D696C6573746F6E65737070707400065465726D203174000579736B696D7371007E0012FFFFFFFF00000071007E000D71007E00097400236D6F64656C2E726F6C652E466163756C74792E7265717569726564426F6F6B696E67737070707371007E0012FFFFFFFF00000071007E000D71007E00097400276D6F64656C2E726F6C652E466163756C74792E756E617661696C61626C6554696D65736C6F74737070707E720011636F6E7374616E742E526573706F6E736500000000000000001200007871007E000F740008415050524F5645447371007E000274001542656E6A616D696E2047414E204B6F6B20536965777371007E000B00000000000001527071007E00107371007E0012FFFFFFFF00000071007E002971007E002771007E001770707071007E001974000B62656E6A616D696E67616E7371007E0012FFFFFFFF00000071007E002971007E002771007E00217070707371007E0012FFFFFFFF00000071007E002971007E002771007E00237070707E71007E002474000750454E44494E4778,43,476),(72,2,'2013-10-24 10:22:48','2013-10-27 03:00:00','IS480 Scheduling System',0xACED0005737200116A6176612E7574696C2E48617368536574BA44859596B8B7340300007870770C000000103F4000000000000674001679676368616E2E3230313140736D752E6564752E7367740015716C6C65652E3230313140736D752E6564752E736774001263626F6573636840736D752E6564752E736774001779792E6368616E2E3230313140736D752E6564752E736774001573786C61772E3230313140736D752E6564752E736774001B6D656C767269636B676F682E3230313140736D752E6564752E736778,'Faculty response overdue. Releasing timeslot.',0xACED0005737200116A6176612E7574696C2E486173684D61700507DAC1C31660D103000246000A6C6F6164466163746F724900097468726573686F6C6478703F4000000000000C77080000001000000001737200126D6F64656C2E726F6C652E466163756C747900000000000000010200024C00107265717569726564426F6F6B696E677374000F4C6A6176612F7574696C2F5365743B4C0014756E617661696C61626C6554696D65736C6F747371007E00037872000A6D6F64656C2E5573657200000000000000010200074C000866756C6C4E616D657400124C6A6176612F6C616E672F537472696E673B4C000269647400104C6A6176612F6C616E672F4C6F6E673B4C000C6D6F62696C654E756D62657271007E00054C0004726F6C6574000F4C636F6E7374616E742F526F6C653B4C001273756273637269626564426F6F6B696E677371007E00034C00047465726D74000C4C6D6F64656C2F5465726D3B4C0008757365726E616D6571007E0005787074000C436872697320424F455343487372000E6A6176612E6C616E672E4C6F6E673B8BE490CC8F23DF0200014A000576616C7565787200106A6176612E6C616E672E4E756D62657286AC951D0B94E08B02000078700000000000000045707E72000D636F6E7374616E742E526F6C6500000000000000001200007872000E6A6176612E6C616E672E456E756D00000000000000001200007870740007464143554C54597372002F6F72672E68696265726E6174652E636F6C6C656374696F6E2E696E7465726E616C2E50657273697374656E7453657486E4FDA1F2EEE0AF0200014C000373657471007E00037872003E6F72672E68696265726E6174652E636F6C6C656374696F6E2E696E7465726E616C2E416273747261637450657273697374656E74436F6C6C656374696F6E9B8CA200603B4E5502000949000A63616368656453697A655A000564697274795A000B696E697469616C697A65645A000D737065636A4C617A794C6F61644C00036B65797400164C6A6176612F696F2F53657269616C697A61626C653B4C00056F776E65727400124C6A6176612F6C616E672F4F626A6563743B4C0004726F6C6571007E00054C001273657373696F6E466163746F72795575696471007E00054C000E73746F726564536E617073686F7471007E00147870FFFFFFFF00000071007E000D71007E000974001D6D6F64656C2E557365722E73756273637269626564426F6F6B696E67737070707372000A6D6F64656C2E5465726D000000000000000102000549000C61636164656D6963596561724C000B646973706C61794E616D6571007E00054C0002696471007E00064C000A6D696C6573746F6E657371007E00034C000873656D657374657271007E00057870000007DD74000E323031332D3134205465726D20327371007E000B00000000000000027371007E0012FFFFFFFF00000071007E001B71007E00197400156D6F64656C2E5465726D2E6D696C6573746F6E65737070707400065465726D203274000763626F657363687371007E0012FFFFFFFF00000071007E000D71007E00097400236D6F64656C2E726F6C652E466163756C74792E7265717569726564426F6F6B696E67737070707371007E0012FFFFFFFF00000071007E000D71007E00097400276D6F64656C2E726F6C652E466163756C74792E756E617661696C61626C6554696D65736C6F74737070707E720011636F6E7374616E742E526573706F6E736500000000000000001200007871007E000F74000750454E44494E4778,17,376),(73,1,'2013-10-24 13:02:55','2013-10-24 13:46:56','Benjamin GAN Kok Siew',0xACED0005737200116A6176612E7574696C2E48617368536574BA44859596B8B7340300007870770C000000103F4000000000000874001763616E77616E672E3230313140736D752E6564752E736774001079736B696D40736D752E6564752E736774001662656E6A616D696E67616E40736D752E6564752E7367740017686172796F6E6F2E3230313140736D752E6564752E7367740014797566752E3230313140736D752E6564752E736774001779742E6E696E672E3230313140736D752E6564752E73677400136B72697340737461727465726265642E636F6D74001664756F2E6C692E3230313140736D752E6564752E736778,NULL,0xACED0005737200116A6176612E7574696C2E486173684D61700507DAC1C31660D103000246000A6C6F6164466163746F724900097468726573686F6C6478703F4000000000000C77080000001000000002737200126D6F64656C2E726F6C652E466163756C747900000000000000010200024C00107265717569726564426F6F6B696E677374000F4C6A6176612F7574696C2F5365743B4C0014756E617661696C61626C6554696D65736C6F747371007E00037872000A6D6F64656C2E5573657200000000000000010200074C000866756C6C4E616D657400124C6A6176612F6C616E672F537472696E673B4C000269647400104C6A6176612F6C616E672F4C6F6E673B4C000C6D6F62696C654E756D62657271007E00054C0004726F6C6574000F4C636F6E7374616E742F526F6C653B4C001273756273637269626564426F6F6B696E677371007E00034C00047465726D74000C4C6D6F64656C2F5465726D3B4C0008757365726E616D6571007E0005787074000C596F756E67736F6F204B494D7372000E6A6176612E6C616E672E4C6F6E673B8BE490CC8F23DF0200014A000576616C7565787200106A6176612E6C616E672E4E756D62657286AC951D0B94E08B02000078700000000000000155707E72000D636F6E7374616E742E526F6C6500000000000000001200007872000E6A6176612E6C616E672E456E756D00000000000000001200007870740007464143554C54597372002F6F72672E68696265726E6174652E636F6C6C656374696F6E2E696E7465726E616C2E50657273697374656E7453657486E4FDA1F2EEE0AF0200014C000373657471007E00037872003E6F72672E68696265726E6174652E636F6C6C656374696F6E2E696E7465726E616C2E416273747261637450657273697374656E74436F6C6C656374696F6E9B8CA200603B4E5502000949000A63616368656453697A655A000564697274795A000B696E697469616C697A65645A000D737065636A4C617A794C6F61644C00036B65797400164C6A6176612F696F2F53657269616C697A61626C653B4C00056F776E65727400124C6A6176612F6C616E672F4F626A6563743B4C0004726F6C6571007E00054C001273657373696F6E466163746F72795575696471007E00054C000E73746F726564536E617073686F7471007E00147870FFFFFFFF00000071007E000D71007E000974001D6D6F64656C2E557365722E73756273637269626564426F6F6B696E67737070707372000A6D6F64656C2E5465726D000000000000000102000549000C61636164656D6963596561724C000B646973706C61794E616D6571007E00054C0002696471007E00064C000A6D696C6573746F6E657371007E00034C000873656D657374657271007E00057870000007DD74000E323031332D3134205465726D20317371007E000B00000000000000037371007E0012FFFFFFFF00000071007E001B71007E00197400156D6F64656C2E5465726D2E6D696C6573746F6E65737070707400065465726D203174000579736B696D7371007E0012FFFFFFFF00000071007E000D71007E00097400236D6F64656C2E726F6C652E466163756C74792E7265717569726564426F6F6B696E67737070707371007E0012FFFFFFFF00000071007E000D71007E00097400276D6F64656C2E726F6C652E466163756C74792E756E617661696C61626C6554696D65736C6F74737070707E720011636F6E7374616E742E526573706F6E736500000000000000001200007871007E000F740008415050524F5645447371007E000274001542656E6A616D696E2047414E204B6F6B20536965777371007E000B00000000000001527071007E00107371007E0012FFFFFFFF00000071007E002971007E002771007E001770707071007E001974000B62656E6A616D696E67616E7371007E0012FFFFFFFF00000071007E002971007E002771007E00217070707371007E0012FFFFFFFF00000071007E002971007E002771007E002370707071007E002578,43,463),(74,1,'2013-10-24 14:11:30','2013-10-25 09:56:01','Benjamin GAN Kok Siew',0xACED0005737200116A6176612E7574696C2E48617368536574BA44859596B8B7340300007870770C000000103F4000000000000574001578726C65652E3230313140736D752E6564752E736774001A76697669616E2E6C61692E3230313140736D752E6564752E736774001869616E2E6368616E2E3230313140736D752E6564752E7367740019616C76696E2E736F682E3230313140736D752E6564752E736774001B6A6572656D797A686F6E672E3230313140736D752E6564752E736778,NULL,0xACED0005737200116A6176612E7574696C2E486173684D61700507DAC1C31660D103000246000A6C6F6164466163746F724900097468726573686F6C6478703F4000000000000C77080000001000000002737200126D6F64656C2E726F6C652E466163756C747900000000000000010200024C00107265717569726564426F6F6B696E677374000F4C6A6176612F7574696C2F5365743B4C0014756E617661696C61626C6554696D65736C6F747371007E00037872000A6D6F64656C2E5573657200000000000000010200074C000866756C6C4E616D657400124C6A6176612F6C616E672F537472696E673B4C000269647400104C6A6176612F6C616E672F4C6F6E673B4C000C6D6F62696C654E756D62657271007E00054C0004726F6C6574000F4C636F6E7374616E742F526F6C653B4C001273756273637269626564426F6F6B696E677371007E00034C00047465726D74000C4C6D6F64656C2F5465726D3B4C0008757365726E616D6571007E0005787074000D4348454F4B204C61692D5465657372000E6A6176612E6C616E672E4C6F6E673B8BE490CC8F23DF0200014A000576616C7565787200106A6176612E6C616E672E4E756D62657286AC951D0B94E08B02000078700000000000000153707E72000D636F6E7374616E742E526F6C6500000000000000001200007872000E6A6176612E6C616E672E456E756D00000000000000001200007870740007464143554C54597372002F6F72672E68696265726E6174652E636F6C6C656374696F6E2E696E7465726E616C2E50657273697374656E7453657486E4FDA1F2EEE0AF0200014C000373657471007E00037872003E6F72672E68696265726E6174652E636F6C6C656374696F6E2E696E7465726E616C2E416273747261637450657273697374656E74436F6C6C656374696F6E9B8CA200603B4E5502000949000A63616368656453697A655A000564697274795A000B696E697469616C697A65645A000D737065636A4C617A794C6F61644C00036B65797400164C6A6176612F696F2F53657269616C697A61626C653B4C00056F776E65727400124C6A6176612F6C616E672F4F626A6563743B4C0004726F6C6571007E00054C001273657373696F6E466163746F72795575696471007E00054C000E73746F726564536E617073686F7471007E00147870FFFFFFFF00000071007E000D71007E000974001D6D6F64656C2E557365722E73756273637269626564426F6F6B696E67737070707372000A6D6F64656C2E5465726D000000000000000102000549000C61636164656D6963596561724C000B646973706C61794E616D6571007E00054C0002696471007E00064C000A6D696C6573746F6E657371007E00034C000873656D657374657271007E00057870000007DD74000E323031332D3134205465726D20317371007E000B00000000000000037371007E0012FFFFFFFF00000071007E001B71007E00197400156D6F64656C2E5465726D2E6D696C6573746F6E65737070707400065465726D203174000B6C61697465656368656F6B7371007E0012FFFFFFFF00000071007E000D71007E00097400236D6F64656C2E726F6C652E466163756C74792E7265717569726564426F6F6B696E67737070707371007E0012FFFFFFFF00000071007E000D71007E00097400276D6F64656C2E726F6C652E466163756C74792E756E617661696C61626C6554696D65736C6F74737070707E720011636F6E7374616E742E526573706F6E736500000000000000001200007871007E000F740008415050524F5645447371007E000274001542656E6A616D696E2047414E204B6F6B20536965777371007E000B00000000000001527071007E00107371007E0012FFFFFFFF00000071007E002971007E002771007E001770707071007E001974000B62656E6A616D696E67616E7371007E0012FFFFFFFF00000071007E002971007E002771007E00217070707371007E0012FFFFFFFF00000071007E002971007E002771007E002370707071007E002578,42,469),(75,3,'2013-10-24 17:50:42','2013-10-24 18:10:20','TRAN Pham Viet Thao',0xACED0005737200116A6176612E7574696C2E48617368536574BA44859596B8B7340300007870770C000000103F4000000000000078,NULL,0xACED0005737200116A6176612E7574696C2E486173684D61700507DAC1C31660D103000246000A6C6F6164466163746F724900097468726573686F6C6478703F4000000000000C77080000001000000001737200126D6F64656C2E726F6C652E466163756C747900000000000000010200024C00107265717569726564426F6F6B696E677374000F4C6A6176612F7574696C2F5365743B4C0014756E617661696C61626C6554696D65736C6F747371007E00037872000A6D6F64656C2E5573657200000000000000010200074C000866756C6C4E616D657400124C6A6176612F6C616E672F537472696E673B4C000269647400104C6A6176612F6C616E672F4C6F6E673B4C000C6D6F62696C654E756D62657271007E00054C0004726F6C6574000F4C636F6E7374616E742F526F6C653B4C001273756273637269626564426F6F6B696E677371007E00034C00047465726D74000C4C6D6F64656C2F5465726D3B4C0008757365726E616D6571007E0005787074001542656E6A616D696E2047414E204B6F6B20536965777372000E6A6176612E6C616E672E4C6F6E673B8BE490CC8F23DF0200014A000576616C7565787200106A6176612E6C616E672E4E756D62657286AC951D0B94E08B02000078700000000000000044707E72000D636F6E7374616E742E526F6C6500000000000000001200007872000E6A6176612E6C616E672E456E756D00000000000000001200007870740007464143554C54597372002F6F72672E68696265726E6174652E636F6C6C656374696F6E2E696E7465726E616C2E50657273697374656E7453657486E4FDA1F2EEE0AF0200014C000373657471007E00037872003E6F72672E68696265726E6174652E636F6C6C656374696F6E2E696E7465726E616C2E416273747261637450657273697374656E74436F6C6C656374696F6E9B8CA200603B4E5502000949000A63616368656453697A655A000564697274795A000B696E697469616C697A65645A000D737065636A4C617A794C6F61644C00036B65797400164C6A6176612F696F2F53657269616C697A61626C653B4C00056F776E65727400124C6A6176612F6C616E672F4F626A6563743B4C0004726F6C6571007E00054C001273657373696F6E466163746F72795575696471007E00054C000E73746F726564536E617073686F7471007E00147870FFFFFFFF00000071007E000D71007E000974001D6D6F64656C2E557365722E73756273637269626564426F6F6B696E67737070707372000A6D6F64656C2E5465726D000000000000000102000549000C61636164656D6963596561724C000B646973706C61794E616D6571007E00054C0002696471007E00064C000A6D696C6573746F6E657371007E00034C000873656D657374657271007E00057870000007DD74000E323031332D3134205465726D20327371007E000B00000000000000027371007E0012FFFFFFFF00000071007E001B71007E00197400156D6F64656C2E5465726D2E6D696C6573746F6E65737070707400065465726D203274000B62656E6A616D696E67616E7371007E0012FFFFFFFF00000071007E000D71007E00097400236D6F64656C2E726F6C652E466163756C74792E7265717569726564426F6F6B696E67737070707371007E0012FFFFFFFF00000071007E000D71007E00097400276D6F64656C2E726F6C652E466163756C74792E756E617661696C61626C6554696D65736C6F74737070707E720011636F6E7374616E742E526573706F6E736500000000000000001200007871007E000F74000750454E44494E4778,33,274),(76,1,'2013-10-25 01:01:19','2013-10-25 09:57:23','Benjamin GAN Kok Siew',0xACED0005737200116A6176612E7574696C2E48617368536574BA44859596B8B7340300007870770C000000103F4000000000000078,NULL,0xACED0005737200116A6176612E7574696C2E486173684D61700507DAC1C31660D103000246000A6C6F6164466163746F724900097468726573686F6C6478703F4000000000000C77080000001000000001737200126D6F64656C2E726F6C652E466163756C747900000000000000010200024C00107265717569726564426F6F6B696E677374000F4C6A6176612F7574696C2F5365743B4C0014756E617661696C61626C6554696D65736C6F747371007E00037872000A6D6F64656C2E5573657200000000000000010200074C000866756C6C4E616D657400124C6A6176612F6C616E672F537472696E673B4C000269647400104C6A6176612F6C616E672F4C6F6E673B4C000C6D6F62696C654E756D62657271007E00054C0004726F6C6574000F4C636F6E7374616E742F526F6C653B4C001273756273637269626564426F6F6B696E677371007E00034C00047465726D74000C4C6D6F64656C2F5465726D3B4C0008757365726E616D6571007E0005787074001542656E6A616D696E2047414E204B6F6B20536965777372000E6A6176612E6C616E672E4C6F6E673B8BE490CC8F23DF0200014A000576616C7565787200106A6176612E6C616E672E4E756D62657286AC951D0B94E08B02000078700000000000000044707E72000D636F6E7374616E742E526F6C6500000000000000001200007872000E6A6176612E6C616E672E456E756D00000000000000001200007870740007464143554C54597372002F6F72672E68696265726E6174652E636F6C6C656374696F6E2E696E7465726E616C2E50657273697374656E7453657486E4FDA1F2EEE0AF0200014C000373657471007E00037872003E6F72672E68696265726E6174652E636F6C6C656374696F6E2E696E7465726E616C2E416273747261637450657273697374656E74436F6C6C656374696F6E9B8CA200603B4E5502000949000A63616368656453697A655A000564697274795A000B696E697469616C697A65645A000D737065636A4C617A794C6F61644C00036B65797400164C6A6176612F696F2F53657269616C697A61626C653B4C00056F776E65727400124C6A6176612F6C616E672F4F626A6563743B4C0004726F6C6571007E00054C001273657373696F6E466163746F72795575696471007E00054C000E73746F726564536E617073686F7471007E00147870FFFFFFFF00000071007E000D71007E000974001D6D6F64656C2E557365722E73756273637269626564426F6F6B696E67737070707372000A6D6F64656C2E5465726D000000000000000102000549000C61636164656D6963596561724C000B646973706C61794E616D6571007E00054C0002696471007E00064C000A6D696C6573746F6E657371007E00034C000873656D657374657271007E00057870000007DD74000E323031332D3134205465726D20327371007E000B00000000000000027371007E0012FFFFFFFF00000071007E001B71007E00197400156D6F64656C2E5465726D2E6D696C6573746F6E65737070707400065465726D203274000B62656E6A616D696E67616E7371007E0012FFFFFFFF00000071007E000D71007E00097400236D6F64656C2E726F6C652E466163756C74792E7265717569726564426F6F6B696E67737070707371007E0012FFFFFFFF00000071007E000D71007E00097400276D6F64656C2E726F6C652E466163756C74792E756E617661696C61626C6554696D65736C6F74737070707E720011636F6E7374616E742E526573706F6E736500000000000000001200007871007E000F740008415050524F56454478,33,277),(77,1,'2013-10-25 08:20:07','2013-10-25 08:20:07','Fiona LEE',0xACED0005737200116A6176612E7574696C2E48617368536574BA44859596B8B7340300007870770C000000103F4000000000000078,NULL,0xACED0005737200116A6176612E7574696C2E486173684D61700507DAC1C31660D103000246000A6C6F6164466163746F724900097468726573686F6C6478703F4000000000000C77080000001000000002737200126D6F64656C2E726F6C652E466163756C747900000000000000010200024C00107265717569726564426F6F6B696E677374000F4C6A6176612F7574696C2F5365743B4C0014756E617661696C61626C6554696D65736C6F747371007E00037872000A6D6F64656C2E5573657200000000000000010200074C000866756C6C4E616D657400124C6A6176612F6C616E672F537472696E673B4C000269647400104C6A6176612F6C616E672F4C6F6E673B4C000C6D6F62696C654E756D62657271007E00054C0004726F6C6574000F4C636F6E7374616E742F526F6C653B4C001273756273637269626564426F6F6B696E677371007E00034C00047465726D74000C4C6D6F64656C2F5465726D3B4C0008757365726E616D6571007E0005787074000D4348454F4B204C61692D5465657372000E6A6176612E6C616E672E4C6F6E673B8BE490CC8F23DF0200014A000576616C7565787200106A6176612E6C616E672E4E756D62657286AC951D0B94E08B02000078700000000000000153707E72000D636F6E7374616E742E526F6C6500000000000000001200007872000E6A6176612E6C616E672E456E756D00000000000000001200007870740007464143554C54597372002F6F72672E68696265726E6174652E636F6C6C656374696F6E2E696E7465726E616C2E50657273697374656E7453657486E4FDA1F2EEE0AF0200014C000373657471007E00037872003E6F72672E68696265726E6174652E636F6C6C656374696F6E2E696E7465726E616C2E416273747261637450657273697374656E74436F6C6C656374696F6E9B8CA200603B4E5502000949000A63616368656453697A655A000564697274795A000B696E697469616C697A65645A000D737065636A4C617A794C6F61644C00036B65797400164C6A6176612F696F2F53657269616C697A61626C653B4C00056F776E65727400124C6A6176612F6C616E672F4F626A6563743B4C0004726F6C6571007E00054C001273657373696F6E466163746F72795575696471007E00054C000E73746F726564536E617073686F7471007E00147870FFFFFFFF00000071007E000D71007E000974001D6D6F64656C2E557365722E73756273637269626564426F6F6B696E67737070707372000A6D6F64656C2E5465726D000000000000000102000549000C61636164656D6963596561724C000B646973706C61794E616D6571007E00054C0002696471007E00064C000A6D696C6573746F6E657371007E00034C000873656D657374657271007E00057870000007DD74000E323031332D3134205465726D20317371007E000B00000000000000037371007E0012FFFFFFFF00000071007E001B71007E00197400156D6F64656C2E5465726D2E6D696C6573746F6E65737070707400065465726D203174000B6C61697465656368656F6B7371007E0012FFFFFFFF00000071007E000D71007E00097400236D6F64656C2E726F6C652E466163756C74792E7265717569726564426F6F6B696E67737070707371007E0012FFFFFFFF00000071007E000D71007E00097400276D6F64656C2E726F6C652E466163756C74792E756E617661696C61626C6554696D65736C6F74737070707E720011636F6E7374616E742E526573706F6E736500000000000000001200007871007E000F740008415050524F5645447371007E000274001542656E6A616D696E2047414E204B6F6B20536965777371007E000B00000000000001527071007E00107371007E0012FFFFFFFF00000071007E002971007E002771007E001770707071007E001974000B62656E6A616D696E67616E7371007E0012FFFFFFFF00000071007E002971007E002771007E00217070707371007E0012FFFFFFFF00000071007E002971007E002771007E002370707071007E002578,44,478),(78,2,'2013-10-25 17:36:10','2013-10-28 03:00:00','IS480 Scheduling System',0xACED0005737200116A6176612E7574696C2E48617368536574BA44859596B8B7340300007870770C000000103F4000000000000274001263626F6573636840736D752E6564752E73677400166C61697465656368656F6B40736D752E6564752E736778,'Faculty response overdue. Releasing timeslot.',0xACED0005737200116A6176612E7574696C2E486173684D61700507DAC1C31660D103000246000A6C6F6164466163746F724900097468726573686F6C6478703F4000000000000C77080000001000000002737200126D6F64656C2E726F6C652E466163756C747900000000000000010200024C00107265717569726564426F6F6B696E677374000F4C6A6176612F7574696C2F5365743B4C0014756E617661696C61626C6554696D65736C6F747371007E00037872000A6D6F64656C2E5573657200000000000000010200074C000866756C6C4E616D657400124C6A6176612F6C616E672F537472696E673B4C000269647400104C6A6176612F6C616E672F4C6F6E673B4C000C6D6F62696C654E756D62657271007E00054C0004726F6C6574000F4C636F6E7374616E742F526F6C653B4C001273756273637269626564426F6F6B696E677371007E00034C00047465726D74000C4C6D6F64656C2F5465726D3B4C0008757365726E616D6571007E0005787074000C436872697320424F455343487372000E6A6176612E6C616E672E4C6F6E673B8BE490CC8F23DF0200014A000576616C7565787200106A6176612E6C616E672E4E756D62657286AC951D0B94E08B02000078700000000000000156707E72000D636F6E7374616E742E526F6C6500000000000000001200007872000E6A6176612E6C616E672E456E756D00000000000000001200007870740007464143554C54597372002F6F72672E68696265726E6174652E636F6C6C656374696F6E2E696E7465726E616C2E50657273697374656E7453657486E4FDA1F2EEE0AF0200014C000373657471007E00037872003E6F72672E68696265726E6174652E636F6C6C656374696F6E2E696E7465726E616C2E416273747261637450657273697374656E74436F6C6C656374696F6E9B8CA200603B4E5502000949000A63616368656453697A655A000564697274795A000B696E697469616C697A65645A000D737065636A4C617A794C6F61644C00036B65797400164C6A6176612F696F2F53657269616C697A61626C653B4C00056F776E65727400124C6A6176612F6C616E672F4F626A6563743B4C0004726F6C6571007E00054C001273657373696F6E466163746F72795575696471007E00054C000E73746F726564536E617073686F7471007E00147870FFFFFFFF00000071007E000D71007E000974001D6D6F64656C2E557365722E73756273637269626564426F6F6B696E67737070707372000A6D6F64656C2E5465726D000000000000000102000549000C61636164656D6963596561724C000B646973706C61794E616D6571007E00054C0002696471007E00064C000A6D696C6573746F6E657371007E00034C000873656D657374657271007E00057870000007DD74000E323031332D3134205465726D20317371007E000B00000000000000037371007E0012FFFFFFFF00000071007E001B71007E00197400156D6F64656C2E5465726D2E6D696C6573746F6E65737070707400065465726D203174000763626F657363687371007E0012FFFFFFFF00000071007E000D71007E00097400236D6F64656C2E726F6C652E466163756C74792E7265717569726564426F6F6B696E67737070707371007E0012FFFFFFFF00000071007E000D71007E00097400276D6F64656C2E726F6C652E466163756C74792E756E617661696C61626C6554696D65736C6F74737070707E720011636F6E7374616E742E526573706F6E736500000000000000001200007871007E000F74000750454E44494E477371007E000274000D4348454F4B204C61692D5465657371007E000B00000000000001537071007E00107371007E0012FFFFFFFF00000071007E002971007E002771007E001770707071007E001974000B6C61697465656368656F6B7371007E0012FFFFFFFF00000071007E002971007E002771007E00217070707371007E0012FFFFFFFF00000071007E002971007E002771007E00237070707E71007E0024740008415050524F56454478,52,499),(79,1,'2013-10-27 12:38:36','2013-10-29 17:05:39','Chris BOESCH',0xACED0005737200116A6176612E7574696C2E48617368536574BA44859596B8B7340300007870770C000000103F4000000000000574001679676368616E2E3230313140736D752E6564752E7367740015716C6C65652E3230313140736D752E6564752E736774001779792E6368616E2E3230313140736D752E6564752E736774001573786C61772E3230313140736D752E6564752E736774001B6D656C767269636B676F682E3230313140736D752E6564752E736778,NULL,0xACED0005737200116A6176612E7574696C2E486173684D61700507DAC1C31660D103000246000A6C6F6164466163746F724900097468726573686F6C6478703F4000000000000C77080000001000000001737200126D6F64656C2E726F6C652E466163756C747900000000000000010200024C00107265717569726564426F6F6B696E677374000F4C6A6176612F7574696C2F5365743B4C0014756E617661696C61626C6554696D65736C6F747371007E00037872000A6D6F64656C2E5573657200000000000000010200074C000866756C6C4E616D657400124C6A6176612F6C616E672F537472696E673B4C000269647400104C6A6176612F6C616E672F4C6F6E673B4C000C6D6F62696C654E756D62657271007E00054C0004726F6C6574000F4C636F6E7374616E742F526F6C653B4C001273756273637269626564426F6F6B696E677371007E00034C00047465726D74000C4C6D6F64656C2F5465726D3B4C0008757365726E616D6571007E0005787074000C436872697320424F455343487372000E6A6176612E6C616E672E4C6F6E673B8BE490CC8F23DF0200014A000576616C7565787200106A6176612E6C616E672E4E756D62657286AC951D0B94E08B02000078700000000000000045707E72000D636F6E7374616E742E526F6C6500000000000000001200007872000E6A6176612E6C616E672E456E756D00000000000000001200007870740007464143554C54597372002F6F72672E68696265726E6174652E636F6C6C656374696F6E2E696E7465726E616C2E50657273697374656E7453657486E4FDA1F2EEE0AF0200014C000373657471007E00037872003E6F72672E68696265726E6174652E636F6C6C656374696F6E2E696E7465726E616C2E416273747261637450657273697374656E74436F6C6C656374696F6E9B8CA200603B4E5502000949000A63616368656453697A655A000564697274795A000B696E697469616C697A65645A000D737065636A4C617A794C6F61644C00036B65797400164C6A6176612F696F2F53657269616C697A61626C653B4C00056F776E65727400124C6A6176612F6C616E672F4F626A6563743B4C0004726F6C6571007E00054C001273657373696F6E466163746F72795575696471007E00054C000E73746F726564536E617073686F7471007E00147870FFFFFFFF00000071007E000D71007E000974001D6D6F64656C2E557365722E73756273637269626564426F6F6B696E67737070707372000A6D6F64656C2E5465726D000000000000000102000549000C61636164656D6963596561724C000B646973706C61794E616D6571007E00054C0002696471007E00064C000A6D696C6573746F6E657371007E00034C000873656D657374657271007E00057870000007DD74000E323031332D3134205465726D20327371007E000B00000000000000027371007E0012FFFFFFFF00000071007E001B71007E00197400156D6F64656C2E5465726D2E6D696C6573746F6E65737070707400065465726D203274000763626F657363687371007E0012FFFFFFFF00000071007E000D71007E00097400236D6F64656C2E726F6C652E466163756C74792E7265717569726564426F6F6B696E67737070707371007E0012FFFFFFFF00000071007E000D71007E00097400276D6F64656C2E726F6C652E466163756C74792E756E617661696C61626C6554696D65736C6F74737070707E720011636F6E7374616E742E526573706F6E736500000000000000001200007871007E000F740008415050524F56454478,17,373),(80,1,'2013-10-27 23:19:24','2013-10-28 13:43:20','Benjamin GAN Kok Siew',0xACED0005737200116A6176612E7574696C2E48617368536574BA44859596B8B7340300007870770C000000103F400000000000077400126B617940666C61756E74706167652E636F6D74001662656E6A616D696E67616E40736D752E6564752E736774001977796E65722E6C696D2E3230313140736D752E6564752E7367740016666C77616E672E3230313140736D752E6564752E736774001B6C65736C69652E6C656F772E3230313140736D752E6564752E73677400196B7269736162656C6C6540666C61756E74706167652E636F6D7400136B72697340666C61756E74706167652E636F6D78,NULL,0xACED0005737200116A6176612E7574696C2E486173684D61700507DAC1C31660D103000246000A6C6F6164466163746F724900097468726573686F6C6478703F4000000000000C77080000001000000001737200126D6F64656C2E726F6C652E466163756C747900000000000000010200024C00107265717569726564426F6F6B696E677374000F4C6A6176612F7574696C2F5365743B4C0014756E617661696C61626C6554696D65736C6F747371007E00037872000A6D6F64656C2E5573657200000000000000010200074C000866756C6C4E616D657400124C6A6176612F6C616E672F537472696E673B4C000269647400104C6A6176612F6C616E672F4C6F6E673B4C000C6D6F62696C654E756D62657271007E00054C0004726F6C6574000F4C636F6E7374616E742F526F6C653B4C001273756273637269626564426F6F6B696E677371007E00034C00047465726D74000C4C6D6F64656C2F5465726D3B4C0008757365726E616D6571007E0005787074001542656E6A616D696E2047414E204B6F6B20536965777372000E6A6176612E6C616E672E4C6F6E673B8BE490CC8F23DF0200014A000576616C7565787200106A6176612E6C616E672E4E756D62657286AC951D0B94E08B02000078700000000000000044707E72000D636F6E7374616E742E526F6C6500000000000000001200007872000E6A6176612E6C616E672E456E756D00000000000000001200007870740007464143554C54597372002F6F72672E68696265726E6174652E636F6C6C656374696F6E2E696E7465726E616C2E50657273697374656E7453657486E4FDA1F2EEE0AF0200014C000373657471007E00037872003E6F72672E68696265726E6174652E636F6C6C656374696F6E2E696E7465726E616C2E416273747261637450657273697374656E74436F6C6C656374696F6E9B8CA200603B4E5502000949000A63616368656453697A655A000564697274795A000B696E697469616C697A65645A000D737065636A4C617A794C6F61644C00036B65797400164C6A6176612F696F2F53657269616C697A61626C653B4C00056F776E65727400124C6A6176612F6C616E672F4F626A6563743B4C0004726F6C6571007E00054C001273657373696F6E466163746F72795575696471007E00054C000E73746F726564536E617073686F7471007E00147870FFFFFFFF00000071007E000D71007E000974001D6D6F64656C2E557365722E73756273637269626564426F6F6B696E67737070707372000A6D6F64656C2E5465726D000000000000000102000549000C61636164656D6963596561724C000B646973706C61794E616D6571007E00054C0002696471007E00064C000A6D696C6573746F6E657371007E00034C000873656D657374657271007E00057870000007DD74000E323031332D3134205465726D20327371007E000B00000000000000027371007E0012FFFFFFFF00000071007E001B71007E00197400156D6F64656C2E5465726D2E6D696C6573746F6E65737070707400065465726D203274000B62656E6A616D696E67616E7371007E0012FFFFFFFF00000071007E000D71007E00097400236D6F64656C2E726F6C652E466163756C74792E7265717569726564426F6F6B696E67737070707371007E0012FFFFFFFF00000071007E000D71007E00097400276D6F64656C2E726F6C652E466163756C74792E756E617661696C61626C6554696D65736C6F74737070707E720011636F6E7374616E742E526573706F6E736500000000000000001200007871007E000F740008415050524F56454478,31,274),(81,3,'2013-10-28 12:35:13','2013-10-29 17:22:06','Fiona LEE',0xACED0005737200116A6176612E7574696C2E48617368536574BA44859596B8B7340300007870770C000000103F4000000000000078,NULL,0xACED0005737200116A6176612E7574696C2E486173684D61700507DAC1C31660D103000246000A6C6F6164466163746F724900097468726573686F6C6478703F4000000000000C77080000001000000002737200126D6F64656C2E726F6C652E466163756C747900000000000000010200024C00107265717569726564426F6F6B696E677374000F4C6A6176612F7574696C2F5365743B4C0014756E617661696C61626C6554696D65736C6F747371007E00037872000A6D6F64656C2E5573657200000000000000010200074C000866756C6C4E616D657400124C6A6176612F6C616E672F537472696E673B4C000269647400104C6A6176612F6C616E672F4C6F6E673B4C000C6D6F62696C654E756D62657271007E00054C0004726F6C6574000F4C636F6E7374616E742F526F6C653B4C001273756273637269626564426F6F6B696E677371007E00034C00047465726D74000C4C6D6F64656C2F5465726D3B4C0008757365726E616D6571007E0005787074000C436872697320424F455343487372000E6A6176612E6C616E672E4C6F6E673B8BE490CC8F23DF0200014A000576616C7565787200106A6176612E6C616E672E4E756D62657286AC951D0B94E08B02000078700000000000000156707E72000D636F6E7374616E742E526F6C6500000000000000001200007872000E6A6176612E6C616E672E456E756D00000000000000001200007870740007464143554C54597372002F6F72672E68696265726E6174652E636F6C6C656374696F6E2E696E7465726E616C2E50657273697374656E7453657486E4FDA1F2EEE0AF0200014C000373657471007E00037872003E6F72672E68696265726E6174652E636F6C6C656374696F6E2E696E7465726E616C2E416273747261637450657273697374656E74436F6C6C656374696F6E9B8CA200603B4E5502000949000A63616368656453697A655A000564697274795A000B696E697469616C697A65645A000D737065636A4C617A794C6F61644C00036B65797400164C6A6176612F696F2F53657269616C697A61626C653B4C00056F776E65727400124C6A6176612F6C616E672F4F626A6563743B4C0004726F6C6571007E00054C001273657373696F6E466163746F72795575696471007E00054C000E73746F726564536E617073686F7471007E00147870FFFFFFFF00000071007E000D71007E000974001D6D6F64656C2E557365722E73756273637269626564426F6F6B696E67737070707372000A6D6F64656C2E5465726D000000000000000102000549000C61636164656D6963596561724C000B646973706C61794E616D6571007E00054C0002696471007E00064C000A6D696C6573746F6E657371007E00034C000873656D657374657271007E00057870000007DD74000E323031332D3134205465726D20317371007E000B00000000000000037371007E0012FFFFFFFF00000071007E001B71007E00197400156D6F64656C2E5465726D2E6D696C6573746F6E65737070707400065465726D203174000763626F657363687371007E0012FFFFFFFF00000071007E000D71007E00097400236D6F64656C2E726F6C652E466163756C74792E7265717569726564426F6F6B696E67737070707371007E0012FFFFFFFF00000071007E000D71007E00097400276D6F64656C2E726F6C652E466163756C74792E756E617661696C61626C6554696D65736C6F74737070707E720011636F6E7374616E742E526573706F6E736500000000000000001200007871007E000F740008415050524F5645447371007E000274000D4348454F4B204C61692D5465657371007E000B00000000000001537071007E00107371007E0012FFFFFFFF00000071007E002971007E002771007E001770707071007E001974000B6C61697465656368656F6B7371007E0012FFFFFFFF00000071007E002971007E002771007E00217070707371007E0012FFFFFFFF00000071007E002971007E002771007E002370707071007E002578,52,499),(82,1,'2013-10-28 16:33:46','2013-10-28 16:53:26','Benjamin GAN Kok Siew',0xACED0005737200116A6176612E7574696C2E48617368536574BA44859596B8B7340300007870770C000000103F4000000000000374001B73616D75656C2E706875612E3230313140736D752E6564752E73677400166E68797570612E3230313040736D752E6564752E736774001967656F7267652E6E672E3230313040736D752E6564752E736778,NULL,0xACED0005737200116A6176612E7574696C2E486173684D61700507DAC1C31660D103000246000A6C6F6164466163746F724900097468726573686F6C6478703F4000000000000C77080000001000000001737200126D6F64656C2E726F6C652E466163756C747900000000000000010200024C00107265717569726564426F6F6B696E677374000F4C6A6176612F7574696C2F5365743B4C0014756E617661696C61626C6554696D65736C6F747371007E00037872000A6D6F64656C2E5573657200000000000000010200074C000866756C6C4E616D657400124C6A6176612F6C616E672F537472696E673B4C000269647400104C6A6176612F6C616E672F4C6F6E673B4C000C6D6F62696C654E756D62657271007E00054C0004726F6C6574000F4C636F6E7374616E742F526F6C653B4C001273756273637269626564426F6F6B696E677371007E00034C00047465726D74000C4C6D6F64656C2F5465726D3B4C0008757365726E616D6571007E0005787074001542656E6A616D696E2047414E204B6F6B20536965777372000E6A6176612E6C616E672E4C6F6E673B8BE490CC8F23DF0200014A000576616C7565787200106A6176612E6C616E672E4E756D62657286AC951D0B94E08B02000078700000000000000044707E72000D636F6E7374616E742E526F6C6500000000000000001200007872000E6A6176612E6C616E672E456E756D00000000000000001200007870740007464143554C54597372002F6F72672E68696265726E6174652E636F6C6C656374696F6E2E696E7465726E616C2E50657273697374656E7453657486E4FDA1F2EEE0AF0200014C000373657471007E00037872003E6F72672E68696265726E6174652E636F6C6C656374696F6E2E696E7465726E616C2E416273747261637450657273697374656E74436F6C6C656374696F6E9B8CA200603B4E5502000949000A63616368656453697A655A000564697274795A000B696E697469616C697A65645A000D737065636A4C617A794C6F61644C00036B65797400164C6A6176612F696F2F53657269616C697A61626C653B4C00056F776E65727400124C6A6176612F6C616E672F4F626A6563743B4C0004726F6C6571007E00054C001273657373696F6E466163746F72795575696471007E00054C000E73746F726564536E617073686F7471007E00147870FFFFFFFF00000071007E000D71007E000974001D6D6F64656C2E557365722E73756273637269626564426F6F6B696E67737070707372000A6D6F64656C2E5465726D000000000000000102000549000C61636164656D6963596561724C000B646973706C61794E616D6571007E00054C0002696471007E00064C000A6D696C6573746F6E657371007E00034C000873656D657374657271007E00057870000007DD74000E323031332D3134205465726D20327371007E000B00000000000000027371007E0012FFFFFFFF00000071007E001B71007E00197400156D6F64656C2E5465726D2E6D696C6573746F6E65737070707400065465726D203274000B62656E6A616D696E67616E7371007E0012FFFFFFFF00000071007E000D71007E00097400236D6F64656C2E726F6C652E466163756C74792E7265717569726564426F6F6B696E67737070707371007E0012FFFFFFFF00000071007E000D71007E00097400276D6F64656C2E726F6C652E466163756C74792E756E617661696C61626C6554696D65736C6F74737070707E720011636F6E7374616E742E526573706F6E736500000000000000001200007871007E000F740008415050524F56454478,39,376),(83,1,'2013-10-29 20:03:30','2013-10-31 10:35:13','Chris BOESCH',0xACED0005737200116A6176612E7574696C2E48617368536574BA44859596B8B7340300007870770C000000103F4000000000000274001263626F6573636840736D752E6564752E736774001079736B696D40736D752E6564752E736778,NULL,0xACED0005737200116A6176612E7574696C2E486173684D61700507DAC1C31660D103000246000A6C6F6164466163746F724900097468726573686F6C6478703F4000000000000C77080000001000000002737200126D6F64656C2E726F6C652E466163756C747900000000000000010200024C00107265717569726564426F6F6B696E677374000F4C6A6176612F7574696C2F5365743B4C0014756E617661696C61626C6554696D65736C6F747371007E00037872000A6D6F64656C2E5573657200000000000000010200074C000866756C6C4E616D657400124C6A6176612F6C616E672F537472696E673B4C000269647400104C6A6176612F6C616E672F4C6F6E673B4C000C6D6F62696C654E756D62657271007E00054C0004726F6C6574000F4C636F6E7374616E742F526F6C653B4C001273756273637269626564426F6F6B696E677371007E00034C00047465726D74000C4C6D6F64656C2F5465726D3B4C0008757365726E616D6571007E0005787074000C436872697320424F455343487372000E6A6176612E6C616E672E4C6F6E673B8BE490CC8F23DF0200014A000576616C7565787200106A6176612E6C616E672E4E756D62657286AC951D0B94E08B02000078700000000000000156707E72000D636F6E7374616E742E526F6C6500000000000000001200007872000E6A6176612E6C616E672E456E756D00000000000000001200007870740007464143554C54597372002F6F72672E68696265726E6174652E636F6C6C656374696F6E2E696E7465726E616C2E50657273697374656E7453657486E4FDA1F2EEE0AF0200014C000373657471007E00037872003E6F72672E68696265726E6174652E636F6C6C656374696F6E2E696E7465726E616C2E416273747261637450657273697374656E74436F6C6C656374696F6E9B8CA200603B4E5502000949000A63616368656453697A655A000564697274795A000B696E697469616C697A65645A000D737065636A4C617A794C6F61644C00036B65797400164C6A6176612F696F2F53657269616C697A61626C653B4C00056F776E65727400124C6A6176612F6C616E672F4F626A6563743B4C0004726F6C6571007E00054C001273657373696F6E466163746F72795575696471007E00054C000E73746F726564536E617073686F7471007E00147870FFFFFFFF00000071007E000D71007E000974001D6D6F64656C2E557365722E73756273637269626564426F6F6B696E67737070707372000A6D6F64656C2E5465726D000000000000000102000549000C61636164656D6963596561724C000B646973706C61794E616D6571007E00054C0002696471007E00064C000A6D696C6573746F6E657371007E00034C000873656D657374657271007E00057870000007DD74000E323031332D3134205465726D20317371007E000B00000000000000037371007E0012FFFFFFFF00000071007E001B71007E00197400156D6F64656C2E5465726D2E6D696C6573746F6E65737070707400065465726D203174000763626F657363687371007E0012FFFFFFFF00000071007E000D71007E00097400236D6F64656C2E726F6C652E466163756C74792E7265717569726564426F6F6B696E67737070707371007E0012FFFFFFFF00000071007E000D71007E00097400276D6F64656C2E726F6C652E466163756C74792E756E617661696C61626C6554696D65736C6F74737070707E720011636F6E7374616E742E526573706F6E736500000000000000001200007871007E000F740008415050524F5645447371007E000274000C596F756E67736F6F204B494D7371007E000B00000000000001557071007E00107371007E0012FFFFFFFF00000071007E002971007E002771007E001770707071007E001974000579736B696D7371007E0012FFFFFFFF00000071007E002971007E002771007E00217070707371007E0012FFFFFFFF00000071007E002971007E002771007E002370707071007E002578,59,470),(84,1,'2013-10-29 22:24:05','2013-10-29 22:24:05','Fiona LEE',0xACED0005737200116A6176612E7574696C2E48617368536574BA44859596B8B7340300007870770C000000103F4000000000000078,NULL,0xACED0005737200116A6176612E7574696C2E486173684D61700507DAC1C31660D103000246000A6C6F6164466163746F724900097468726573686F6C6478703F4000000000000C77080000001000000002737200126D6F64656C2E726F6C652E466163756C747900000000000000010200024C00107265717569726564426F6F6B696E677374000F4C6A6176612F7574696C2F5365743B4C0014756E617661696C61626C6554696D65736C6F747371007E00037872000A6D6F64656C2E5573657200000000000000010200074C000866756C6C4E616D657400124C6A6176612F6C616E672F537472696E673B4C000269647400104C6A6176612F6C616E672F4C6F6E673B4C000C6D6F62696C654E756D62657271007E00054C0004726F6C6574000F4C636F6E7374616E742F526F6C653B4C001273756273637269626564426F6F6B696E677371007E00034C00047465726D74000C4C6D6F64656C2F5465726D3B4C0008757365726E616D6571007E0005787074000C436872697320424F455343487372000E6A6176612E6C616E672E4C6F6E673B8BE490CC8F23DF0200014A000576616C7565787200106A6176612E6C616E672E4E756D62657286AC951D0B94E08B02000078700000000000000156707E72000D636F6E7374616E742E526F6C6500000000000000001200007872000E6A6176612E6C616E672E456E756D00000000000000001200007870740007464143554C54597372002F6F72672E68696265726E6174652E636F6C6C656374696F6E2E696E7465726E616C2E50657273697374656E7453657486E4FDA1F2EEE0AF0200014C000373657471007E00037872003E6F72672E68696265726E6174652E636F6C6C656374696F6E2E696E7465726E616C2E416273747261637450657273697374656E74436F6C6C656374696F6E9B8CA200603B4E5502000949000A63616368656453697A655A000564697274795A000B696E697469616C697A65645A000D737065636A4C617A794C6F61644C00036B65797400164C6A6176612F696F2F53657269616C697A61626C653B4C00056F776E65727400124C6A6176612F6C616E672F4F626A6563743B4C0004726F6C6571007E00054C001273657373696F6E466163746F72795575696471007E00054C000E73746F726564536E617073686F7471007E00147870FFFFFFFF00000071007E000D71007E000974001D6D6F64656C2E557365722E73756273637269626564426F6F6B696E67737070707372000A6D6F64656C2E5465726D000000000000000102000549000C61636164656D6963596561724C000B646973706C61794E616D6571007E00054C0002696471007E00064C000A6D696C6573746F6E657371007E00034C000873656D657374657271007E00057870000007DD74000E323031332D3134205465726D20317371007E000B00000000000000037371007E0012FFFFFFFF00000071007E001B71007E00197400156D6F64656C2E5465726D2E6D696C6573746F6E65737070707400065465726D203174000763626F657363687371007E0012FFFFFFFF00000071007E000D71007E00097400236D6F64656C2E726F6C652E466163756C74792E7265717569726564426F6F6B696E67737070707371007E0012FFFFFFFF00000071007E000D71007E00097400276D6F64656C2E726F6C652E466163756C74792E756E617661696C61626C6554696D65736C6F74737070707E720011636F6E7374616E742E526573706F6E736500000000000000001200007871007E000F740008415050524F5645447371007E000274000D4348454F4B204C61692D5465657371007E000B00000000000001537071007E00107371007E0012FFFFFFFF00000071007E002971007E002771007E001770707071007E001974000B6C61697465656368656F6B7371007E0012FFFFFFFF00000071007E002971007E002771007E00217070707371007E0012FFFFFFFF00000071007E002971007E002771007E002370707071007E002578,52,464),(85,1,'2013-10-31 09:14:12','2013-10-31 10:34:16','Chris BOESCH',0xACED0005737200116A6176612E7574696C2E48617368536574BA44859596B8B7340300007870770C000000103F40000000000001740017616C616E6D6567617267656C40736D752E6564752E736778,NULL,0xACED0005737200116A6176612E7574696C2E486173684D61700507DAC1C31660D103000246000A6C6F6164466163746F724900097468726573686F6C6478703F4000000000000C77080000001000000002737200126D6F64656C2E726F6C652E466163756C747900000000000000010200024C00107265717569726564426F6F6B696E677374000F4C6A6176612F7574696C2F5365743B4C0014756E617661696C61626C6554696D65736C6F747371007E00037872000A6D6F64656C2E5573657200000000000000010200074C000866756C6C4E616D657400124C6A6176612F6C616E672F537472696E673B4C000269647400104C6A6176612F6C616E672F4C6F6E673B4C000C6D6F62696C654E756D62657271007E00054C0004726F6C6574000F4C636F6E7374616E742F526F6C653B4C001273756273637269626564426F6F6B696E677371007E00034C00047465726D74000C4C6D6F64656C2F5465726D3B4C0008757365726E616D6571007E0005787074000C436872697320424F455343487372000E6A6176612E6C616E672E4C6F6E673B8BE490CC8F23DF0200014A000576616C7565787200106A6176612E6C616E672E4E756D62657286AC951D0B94E08B02000078700000000000000156707E72000D636F6E7374616E742E526F6C6500000000000000001200007872000E6A6176612E6C616E672E456E756D00000000000000001200007870740007464143554C54597372002F6F72672E68696265726E6174652E636F6C6C656374696F6E2E696E7465726E616C2E50657273697374656E7453657486E4FDA1F2EEE0AF0200014C000373657471007E00037872003E6F72672E68696265726E6174652E636F6C6C656374696F6E2E696E7465726E616C2E416273747261637450657273697374656E74436F6C6C656374696F6E9B8CA200603B4E5502000949000A63616368656453697A655A000564697274795A000B696E697469616C697A65645A000D737065636A4C617A794C6F61644C00036B65797400164C6A6176612F696F2F53657269616C697A61626C653B4C00056F776E65727400124C6A6176612F6C616E672F4F626A6563743B4C0004726F6C6571007E00054C001273657373696F6E466163746F72795575696471007E00054C000E73746F726564536E617073686F7471007E00147870FFFFFFFF00000071007E000D71007E000974001D6D6F64656C2E557365722E73756273637269626564426F6F6B696E67737070707372000A6D6F64656C2E5465726D000000000000000102000549000C61636164656D6963596561724C000B646973706C61794E616D6571007E00054C0002696471007E00064C000A6D696C6573746F6E657371007E00034C000873656D657374657271007E00057870000007DD74000E323031332D3134205465726D20317371007E000B00000000000000037371007E0012FFFFFFFF00000071007E001B71007E00197400156D6F64656C2E5465726D2E6D696C6573746F6E65737070707400065465726D203174000763626F657363687371007E0012FFFFFFFF00000071007E000D71007E00097400236D6F64656C2E726F6C652E466163756C74792E7265717569726564426F6F6B696E67737070707371007E0012FFFFFFFF00000071007E000D71007E00097400276D6F64656C2E726F6C652E466163756C74792E756E617661696C61626C6554696D65736C6F74737070707E720011636F6E7374616E742E526573706F6E736500000000000000001200007871007E000F740008415050524F5645447371007E00027400105269636861726420432E2044415649537371007E000B00000000000001547071007E00107371007E0012FFFFFFFF00000071007E002971007E002771007E001770707071007E0019740007726364617669737371007E0012FFFFFFFF00000071007E002971007E002771007E00217070707371007E0012FFFFFFFF00000071007E002971007E002771007E002370707071007E002578,54,509);
/*!40000 ALTER TABLE `Booking` ENABLE KEYS */;
UNLOCK TABLES;

--
-- Table structure for table `Booking_Required_Attendees`
--

DROP TABLE IF EXISTS `Booking_Required_Attendees`;
/*!40101 SET @saved_cs_client     = @@character_set_client */;
/*!40101 SET character_set_client = utf8 */;
CREATE TABLE `Booking_Required_Attendees` (
  `booking_id` bigint(20) NOT NULL,
  `user_id` bigint(20) NOT NULL,
  PRIMARY KEY (`booking_id`,`user_id`),
  KEY `FK_k3xj96ob3crkqocs7egbmedm9` (`user_id`),
  KEY `FK_fris7y1bech3nhnla023u9kl5` (`booking_id`),
  CONSTRAINT `FK_fris7y1bech3nhnla023u9kl5` FOREIGN KEY (`booking_id`) REFERENCES `Booking` (`id`),
  CONSTRAINT `FK_k3xj96ob3crkqocs7egbmedm9` FOREIGN KEY (`user_id`) REFERENCES `User` (`id`)
) ENGINE=InnoDB DEFAULT CHARSET=latin1;
/*!40101 SET character_set_client = @saved_cs_client */;

--
-- Dumping data for table `Booking_Required_Attendees`
--

LOCK TABLES `Booking_Required_Attendees` WRITE;
/*!40000 ALTER TABLE `Booking_Required_Attendees` DISABLE KEYS */;
INSERT INTO `Booking_Required_Attendees` VALUES (1,67),(3,67),(11,67),(19,67),(35,67),(4,68),(5,68),(8,68),(18,68),(23,68),(24,68),(25,68),(26,68),(30,68),(34,68),(36,68),(42,68),(61,68),(62,68),(66,68),(68,68),(75,68),(76,68),(80,68),(82,68),(12,69),(16,69),(27,69),(28,69),(44,69),(45,69),(72,69),(79,69),(6,70),(7,70),(13,70),(14,70),(2,71),(10,71),(15,71),(17,71),(20,71),(21,71),(22,71),(37,71),(38,71),(29,72),(31,72),(32,72),(33,72),(39,72),(40,72),(41,72),(43,72),(46,72),(67,72),(1,73),(3,73),(1,74),(3,74),(1,75),(3,75),(1,76),(3,76),(1,77),(3,77),(24,83),(24,84),(24,85),(24,86),(24,87),(24,88),(5,89),(30,89),(5,90),(30,90),(5,91),(30,91),(5,92),(30,92),(5,93),(30,93),(4,94),(25,94),(4,95),(25,95),(4,96),(25,96),(4,97),(25,97),(4,98),(25,98),(12,99),(28,99),(12,100),(28,100),(12,101),(28,101),(12,102),(28,102),(12,103),(28,103),(44,104),(45,104),(72,104),(79,104),(44,105),(45,105),(72,105),(79,105),(44,106),(45,106),(72,106),(79,106),(44,107),(45,107),(72,107),(79,107),(44,108),(45,108),(72,108),(79,108),(44,109),(45,109),(72,109),(79,109),(16,110),(27,110),(16,111),(27,111),(16,112),(27,112),(16,113),(27,113),(16,114),(27,114),(14,115),(14,116),(14,117),(14,118),(14,119),(14,120),(13,121),(13,122),(13,123),(13,124),(13,125),(7,126),(7,127),(7,128),(7,129),(7,130),(7,131),(6,132),(6,133),(6,134),(6,135),(6,136),(6,137),(22,138),(37,138),(38,138),(22,139),(37,139),(38,139),(22,140),(37,140),(38,140),(22,141),(37,141),(38,141),(22,142),(37,142),(38,142),(10,143),(15,143),(10,144),(15,144),(10,145),(15,145),(10,146),(15,146),(10,147),(15,147),(17,148),(21,148),(17,149),(21,149),(17,150),(21,150),(17,151),(21,151),(17,152),(21,152),(2,153),(20,153),(2,154),(20,154),(2,155),(20,155),(2,156),(20,156),(2,157),(20,157),(35,158),(35,159),(35,160),(35,161),(35,162),(34,163),(34,164),(34,165),(34,166),(34,167),(34,168),(11,169),(19,169),(11,170),(19,170),(11,171),(19,171),(11,172),(19,172),(11,173),(19,173),(8,174),(18,174),(26,174),(8,175),(18,175),(26,175),(8,176),(18,176),(26,176),(8,177),(18,177),(26,177),(8,178),(18,178),(26,178),(8,179),(18,179),(26,179),(80,180),(80,181),(80,182),(80,183),(80,184),(23,185),(23,186),(23,187),(23,188),(23,189),(23,190),(75,191),(76,191),(75,192),(76,192),(75,193),(76,193),(75,194),(76,194),(75,195),(76,195),(36,196),(36,197),(36,198),(36,199),(36,200),(31,201),(32,201),(33,201),(31,202),(32,202),(33,202),(31,203),(32,203),(33,203),(31,204),(32,204),(33,204),(42,205),(42,206),(42,207),(42,208),(42,209),(42,210),(40,211),(41,211),(40,212),(41,212),(40,213),(41,213),(40,214),(41,214),(29,215),(39,215),(43,215),(46,215),(67,215),(29,216),(39,216),(43,216),(46,216),(67,216),(29,217),(39,217),(43,217),(46,217),(67,217),(29,218),(39,218),(43,218),(46,218),(67,218),(29,219),(39,219),(43,219),(46,219),(67,219),(82,220),(82,221),(82,222),(82,223),(61,228),(62,228),(66,228),(68,228),(61,229),(62,229),(66,229),(68,229),(61,230),(62,230),(66,230),(68,230),(61,231),(62,231),(66,231),(68,231),(59,232),(74,232),(59,233),(74,233),(59,234),(74,234),(59,235),(74,235),(59,236),(74,236),(59,237),(74,237),(71,238),(73,238),(71,239),(73,239),(71,240),(73,240),(71,241),(73,241),(71,242),(73,242),(77,243),(77,244),(77,245),(77,246),(77,247),(77,248),(60,249),(60,250),(60,251),(60,252),(60,253),(55,254),(55,255),(55,256),(55,257),(55,258),(51,259),(69,259),(51,260),(69,260),(51,261),(69,261),(51,262),(69,262),(51,263),(69,263),(51,264),(69,264),(56,265),(56,266),(56,267),(56,268),(56,269),(64,270),(64,271),(64,272),(64,273),(64,274),(64,275),(52,276),(52,277),(52,278),(52,279),(52,280),(52,281),(49,282),(49,283),(49,284),(49,285),(49,286),(78,287),(81,287),(84,287),(78,288),(81,288),(84,288),(78,289),(81,289),(84,289),(78,290),(81,290),(84,290),(78,291),(81,291),(84,291),(47,292),(47,293),(47,294),(47,295),(47,296),(58,297),(85,297),(58,298),(85,298),(58,299),(85,299),(58,300),(85,300),(58,301),(85,301),(58,302),(85,302),(54,303),(54,304),(54,305),(54,306),(54,307),(54,308),(48,309),(48,310),(48,311),(48,312),(48,313),(50,314),(65,314),(50,315),(65,315),(50,316),(65,316),(50,317),(65,317),(50,318),(65,318),(50,319),(65,319),(63,320),(63,321),(63,322),(63,323),(63,324),(63,325),(53,326),(57,326),(83,326),(53,327),(57,327),(83,327),(53,328),(57,328),(83,328),(53,329),(57,329),(83,329),(53,330),(57,330),(83,330),(53,331),(57,331),(83,331),(70,332),(70,333),(70,334),(70,335),(70,336),(70,337),(47,338),(50,338),(54,338),(59,338),(60,338),(64,338),(65,338),(71,338),(73,338),(74,338),(77,338),(51,339),(52,339),(55,339),(56,339),(59,339),(64,339),(69,339),(74,339),(77,339),(78,339),(81,339),(84,339),(48,340),(54,340),(55,340),(56,340),(58,340),(63,340),(85,340),(48,341),(49,341),(50,341),(53,341),(57,341),(60,341),(63,341),(65,341),(70,341),(71,341),(73,341),(83,341),(47,342),(49,342),(51,342),(52,342),(53,342),(57,342),(58,342),(69,342),(70,342),(78,342),(81,342),(83,342),(84,342),(85,342);
/*!40000 ALTER TABLE `Booking_Required_Attendees` ENABLE KEYS */;
UNLOCK TABLES;

--
-- Table structure for table `booking_subscribers`
--

DROP TABLE IF EXISTS `booking_subscribers`;
/*!40101 SET @saved_cs_client     = @@character_set_client */;
/*!40101 SET character_set_client = utf8 */;
CREATE TABLE `booking_subscribers` (
  `booking_id` bigint(20) NOT NULL,
  `user_id` bigint(20) NOT NULL,
  PRIMARY KEY (`booking_id`,`user_id`),
  KEY `FK_ni4xw8gti2g4rqane4qx4dpam` (`user_id`),
  KEY `FK_ggrdo61kq3wf5dkna4qa8v7ic` (`booking_id`),
  CONSTRAINT `FK_ggrdo61kq3wf5dkna4qa8v7ic` FOREIGN KEY (`booking_id`) REFERENCES `Booking` (`id`),
  CONSTRAINT `FK_ni4xw8gti2g4rqane4qx4dpam` FOREIGN KEY (`user_id`) REFERENCES `User` (`id`)
) ENGINE=InnoDB DEFAULT CHARSET=latin1;
/*!40101 SET character_set_client = @saved_cs_client */;

--
-- Dumping data for table `booking_subscribers`
--

LOCK TABLES `booking_subscribers` WRITE;
/*!40000 ALTER TABLE `booking_subscribers` DISABLE KEYS */;
/*!40000 ALTER TABLE `booking_subscribers` ENABLE KEYS */;
UNLOCK TABLES;

--
-- Table structure for table `CronLog`
--

DROP TABLE IF EXISTS `CronLog`;
/*!40101 SET @saved_cs_client     = @@character_set_client */;
/*!40101 SET character_set_client = utf8 */;
CREATE TABLE `CronLog` (
  `id` bigint(20) NOT NULL AUTO_INCREMENT,
  `jobName` varchar(255) DEFAULT NULL,
  `message` varchar(255) DEFAULT NULL,
  `runTime` datetime DEFAULT NULL,
  `success` tinyint(1) NOT NULL,
  PRIMARY KEY (`id`)
) ENGINE=InnoDB AUTO_INCREMENT=151 DEFAULT CHARSET=latin1;
/*!40101 SET character_set_client = @saved_cs_client */;

--
-- Dumping data for table `CronLog`
--

LOCK TABLES `CronLog` WRITE;
/*!40000 ALTER TABLE `CronLog` DISABLE KEYS */;
INSERT INTO `CronLog` VALUES (1,'Clear Pending Bookings','No pending bookings to clear.','2013-09-25 20:04:00',1),(2,'Remind faculty Bookings','No faculty to remind.','2013-09-25 20:04:00',1),(3,'Clear Pending Bookings','No pending bookings to clear.','2013-09-25 20:05:00',1),(4,'Remind faculty Bookings','No faculty to remind.','2013-09-25 20:05:00',1),(5,'Remind faculty Bookings','No faculty to remind.','2013-09-25 20:06:00',1),(6,'Clear Pending Bookings','No pending bookings to clear.','2013-09-25 20:06:00',1),(7,'Remind faculty Bookings','No faculty to remind.','2013-09-25 20:07:00',1),(8,'Clear Pending Bookings','No pending bookings to clear.','2013-09-25 20:07:00',1),(9,'Remind faculty Bookings','No faculty to remind.','2013-09-25 20:08:00',1),(10,'Clear Pending Bookings','No pending bookings to clear.','2013-09-25 20:08:00',1),(11,'Remind faculty Bookings','No faculty to remind.','2013-09-25 20:09:00',1),(12,'Clear Pending Bookings','No pending bookings to clear.','2013-09-25 20:09:00',1),(13,'Clear Pending Bookings','No pending bookings to clear.','2013-09-25 20:10:00',1),(14,'Remind faculty Bookings','No faculty to remind.','2013-09-25 20:10:00',1),(15,'Database Backup','Error: Cannot run program \"D:/wamp/bin/mysql/mysql5.5.16/bin/mysqldump\": CreateProcess error=2, The system cannot find the file specified','2013-09-25 20:10:00',0),(16,'Clear Pending Bookings','No pending bookings to clear.','2013-09-25 20:11:00',1),(17,'Remind faculty Bookings','No faculty to remind.','2013-09-25 20:11:00',1),(18,'Remind faculty Bookings','No faculty to remind.','2013-09-25 20:12:00',1),(19,'Clear Pending Bookings','No pending bookings to clear.','2013-09-25 20:12:00',1),(20,'Clear Pending Bookings','No pending bookings to clear.','2013-09-25 20:13:00',1),(21,'Remind faculty Bookings','No faculty to remind.','2013-09-25 20:13:00',1),(22,'Clear Pending Bookings','No pending bookings to clear.','2013-09-25 20:14:00',1),(23,'Remind faculty Bookings','No faculty to remind.','2013-09-25 20:14:00',1),(24,'Clear Pending Bookings','No pending bookings to clear.','2013-09-25 20:15:00',1),(25,'Remind faculty Bookings','No faculty to remind.','2013-09-25 20:15:00',1),(26,'Clear Pending Bookings','No pending bookings to clear.','2013-09-25 20:16:00',1),(27,'Remind faculty Bookings','No faculty to remind.','2013-09-25 20:16:00',1),(28,'Clear Pending Bookings','No pending bookings to clear.','2013-09-25 20:17:00',1),(29,'Remind faculty Bookings','No faculty to remind.','2013-09-25 20:17:00',1),(30,'Clear Pending Bookings','No pending bookings to clear.','2013-09-25 20:18:00',1),(31,'Remind faculty Bookings','No faculty to remind.','2013-09-25 20:18:00',1),(32,'Clear Pending Bookings','No pending bookings to clear.','2013-09-25 20:19:00',1),(33,'Remind faculty Bookings','No faculty to remind.','2013-09-25 20:19:00',1),(34,'Database Backup','Error: Cannot run program \"D:/wamp/bin/mysql/mysql5.5.16/bin/mysqldump\": CreateProcess error=2, The system cannot find the file specified','2013-09-25 20:20:00',0),(35,'Clear Pending Bookings','No pending bookings to clear.','2013-09-25 20:20:00',1),(36,'Remind faculty Bookings','No faculty to remind.','2013-09-25 20:20:00',1),(37,'Clear Pending Bookings','No pending bookings to clear.','2013-09-25 20:21:00',1),(38,'Remind faculty Bookings','No faculty to remind.','2013-09-25 20:21:00',1),(39,'Clear Pending Bookings','No pending bookings to clear.','2013-09-25 20:22:00',1),(40,'Remind faculty Bookings','No faculty to remind.','2013-09-25 20:22:00',1),(41,'Remind faculty Bookings','No faculty to remind.','2013-09-26 03:00:00',1),(42,'Clear Pending Bookings','No pending bookings to clear.','2013-09-26 03:00:00',1),(43,'Database Backup','Database backup complete: 2013-09-26 03:00:00.029','2013-09-26 03:00:00',1),(44,'Remind faculty Bookings','No faculty to remind.','2013-09-27 03:00:00',1),(45,'Clear Pending Bookings','No pending bookings to clear.','2013-09-27 03:00:00',1),(46,'Database Backup','Database backup complete: 2013-09-27 03:00:00.017','2013-09-27 03:00:00',1),(47,'Clear Pending Bookings','0 Pending bookings cleared.','2013-09-28 03:00:00',1),(48,'Remind faculty Bookings','Faculty reminded.','2013-09-28 03:00:00',1),(49,'Database Backup','Database backup complete: 2013-09-28 03:00:00.005','2013-09-28 03:00:00',1),(50,'Clear Pending Bookings','0 Pending bookings cleared.','2013-09-29 03:00:04',1),(51,'Remind faculty Bookings','Faculty reminded.','2013-09-29 03:00:04',1),(52,'Database Backup','Database backup complete: 2013-09-29 03:00:03.534','2013-09-29 03:00:04',1),(53,'Remind faculty Bookings','Faculty reminded.','2013-09-30 03:00:00',1),(54,'Clear Pending Bookings','1 Pending bookings cleared.','2013-09-30 03:00:00',1),(55,'Database Backup','Database backup complete: 2013-09-30 03:00:00.012','2013-09-30 03:00:00',1),(56,'Clear Pending Bookings','0 Pending bookings cleared.','2013-10-01 03:00:00',1),(57,'Remind faculty Bookings','Faculty reminded.','2013-10-01 03:00:00',1),(58,'Database Backup','Database backup complete: 2013-10-01 03:00:00.016','2013-10-01 03:00:00',1),(59,'Clear Pending Bookings','0 Pending bookings cleared.','2013-10-02 03:00:00',1),(60,'Remind faculty Bookings','Faculty reminded.','2013-10-02 03:00:00',1),(61,'Database Backup','Database backup complete: 2013-10-02 03:00:00.003','2013-10-02 03:00:00',1),(62,'Remind faculty Bookings','Faculty reminded.','2013-10-03 03:00:00',1),(63,'Clear Pending Bookings','4 Pending bookings cleared.','2013-10-03 03:00:00',1),(64,'Database Backup','Database backup complete: 2013-10-03 03:00:00.007','2013-10-03 03:00:00',1),(65,'Clear Pending Bookings','0 Pending bookings cleared.','2013-10-04 03:00:00',1),(66,'Remind faculty Bookings','Faculty reminded.','2013-10-04 03:00:00',1),(67,'Database Backup','Database backup complete: 2013-10-04 03:00:00.011','2013-10-04 03:00:00',1),(68,'Clear Pending Bookings','0 Pending bookings cleared.','2013-10-05 03:00:00',1),(69,'Remind faculty Bookings','Faculty reminded.','2013-10-05 03:00:00',1),(70,'Database Backup','Database backup complete: 2013-10-05 03:00:00.014','2013-10-05 03:00:00',1),(71,'Clear Pending Bookings','0 Pending bookings cleared.','2013-10-06 03:00:00',1),(72,'Remind faculty Bookings','Faculty reminded.','2013-10-06 03:00:00',1),(73,'Database Backup','Database backup complete: 2013-10-06 03:00:00.002','2013-10-06 03:00:00',1),(74,'Clear Pending Bookings','1 Pending bookings cleared.','2013-10-07 03:00:00',1),(75,'Remind faculty Bookings','Faculty reminded.','2013-10-07 03:00:00',1),(76,'Database Backup','Database backup complete: 2013-10-07 03:00:00.006','2013-10-07 03:00:00',1),(77,'Remind faculty on booking',NULL,'2013-10-08 03:00:00',1),(78,'Clear Pending Bookings','0 Pending bookings cleared.','2013-10-08 03:00:00',1),(79,'Database Backup','Database backup complete: 2013-10-08 03:00:00.025','2013-10-08 03:00:00',1),(80,'Clear Pending Bookings','1 Pending bookings cleared.','2013-10-09 03:00:00',1),(81,'Remind faculty on booking',NULL,'2013-10-09 03:00:00',1),(82,'Database Backup','Database backup complete: 2013-10-09 03:00:00.013','2013-10-09 03:00:00',1),(83,'Clear Pending Bookings','0 Pending bookings cleared.','2013-10-10 03:00:00',1),(84,'Remind faculty on booking',NULL,'2013-10-10 03:00:00',1),(85,'Database Backup','Database backup complete: 2013-10-10 03:00:00.002','2013-10-10 03:00:00',1),(86,'Clear Pending Bookings','No pending bookings to clear.','2013-10-11 03:00:00',1),(87,'Remind faculty on booking','No faculty to remind.','2013-10-11 03:00:00',1),(88,'Database Backup','Database backup complete: 2013-10-11 03:00:00.002','2013-10-11 03:00:00',1),(89,'Clear Pending Bookings','0 Pending bookings cleared.','2013-10-12 03:00:00',1),(90,'Remind faculty on booking',NULL,'2013-10-12 03:00:00',1),(91,'Database Backup','Database backup complete: 2013-10-12 03:00:00.01','2013-10-12 03:00:00',1),(92,'Clear Pending Bookings','0 Pending bookings cleared.','2013-10-13 03:00:00',1),(93,'Remind faculty on booking',NULL,'2013-10-13 03:00:00',1),(94,'Database Backup','Database backup complete: 2013-10-13 03:00:00.002','2013-10-13 03:00:00',1),(95,'Clear Pending Bookings','0 Pending bookings cleared.','2013-10-14 03:00:00',1),(96,'Remind faculty on booking',NULL,'2013-10-14 03:00:00',1),(97,'Database Backup','Database backup complete: 2013-10-14 03:00:00.046','2013-10-14 03:00:00',1),(98,'Clear Pending Bookings','1 Pending bookings cleared.','2013-10-15 03:00:00',1),(99,'Remind faculty on booking',NULL,'2013-10-15 03:00:00',1),(100,'Database Backup','Database backup complete: 2013-10-15 03:00:00.003','2013-10-15 03:00:00',1),(101,'Clear Pending Bookings','0 Pending bookings cleared.','2013-10-16 03:00:00',1),(102,'Remind faculty on booking',NULL,'2013-10-16 03:00:00',1),(103,'Database Backup','Database backup complete: 2013-10-16 03:00:00.003','2013-10-16 03:00:00',1),(104,'Clear Pending Bookings','No pending bookings to clear.','2013-10-17 03:00:00',1),(105,'Remind faculty on booking','No faculty to remind.','2013-10-17 03:00:00',1),(106,'Database Backup','Database backup complete: 2013-10-17 03:00:00.004','2013-10-17 03:00:00',1),(107,'Clear Pending Bookings','0 Pending bookings cleared.','2013-10-18 03:00:00',1),(108,'Remind faculty on booking',NULL,'2013-10-18 03:00:00',1),(109,'Database Backup','Database backup complete: 2013-10-18 03:00:00.006','2013-10-18 03:00:00',1),(110,'Remind faculty on booking',NULL,'2013-10-19 03:00:00',1),(111,'Clear Pending Bookings','0 Pending bookings cleared.','2013-10-19 03:00:00',1),(112,'Database Backup','Database backup complete: 2013-10-19 03:00:00.079','2013-10-19 03:00:00',1),(113,'Clear Pending Bookings','0 Pending bookings cleared.','2013-10-20 03:00:00',1),(114,'Remind faculty on booking',NULL,'2013-10-20 03:00:00',1),(115,'Database Backup','Database backup complete: 2013-10-20 03:00:00.005','2013-10-20 03:00:00',1),(116,'Clear Pending Bookings','1 Pending bookings cleared.','2013-10-21 03:00:00',1),(117,'Remind faculty on booking','No faculty to remind.','2013-10-21 03:00:00',1),(118,'Database Backup','Database backup complete: 2013-10-21 03:00:00.008','2013-10-21 03:00:00',1),(119,'Clear Pending Bookings','0 Pending bookings cleared.','2013-10-22 03:00:00',1),(120,'Remind faculty on booking',NULL,'2013-10-22 03:00:00',1),(121,'Database Backup','Database backup complete: 2013-10-22 03:00:00.012','2013-10-22 03:00:00',1),(122,'Faculty Booking Reminder','Faculty reminded for bookings. (IDs: 45,46)','2013-10-23 03:00:00',1),(123,'Database Backup','Database backup complete: 2013-10-23 03:00:00.109','2013-10-23 03:00:00',1),(124,'Clear Pending Bookings','Pending bookings cleared. (IDs: 45,46,47,48,49,51,52,57,58,59,64,65,66)','2013-10-23 03:00:00',1),(125,'Faculty Booking Reminder','Faculty reminded for bookings. (IDs: 52,59,64)','2013-10-24 03:00:00',1),(126,'Clear Pending Bookings','Pending bookings cleared. (IDs: 45)','2013-10-24 03:00:00',1),(127,'Database Backup','Database backup complete: 2013-10-24 03:00:00.025','2013-10-24 03:00:00',1),(128,'Faculty Booking Reminder','No faculty to remind.','2013-10-25 03:00:00',1),(129,'Clear Pending Bookings','No pending bookings to clear.','2013-10-25 03:00:00',1),(130,'Database Backup','Database backup complete: 2013-10-25 03:00:00.007','2013-10-25 03:00:00',1),(131,'Clear Pending Bookings','No pending bookings to clear.','2013-10-26 03:00:00',1),(132,'Faculty Booking Reminder','Faculty reminded for bookings. (IDs: 72)','2013-10-26 03:00:00',1),(133,'Database Backup','Database backup complete: 2013-10-26 03:00:00.009','2013-10-26 03:00:00',1),(134,'Faculty Booking Reminder','Faculty reminded for bookings. (IDs: 78)','2013-10-27 03:00:00',1),(135,'Database Backup','Database backup complete: 2013-10-27 03:00:00.013','2013-10-27 03:00:00',1),(136,'Clear Pending Bookings','Pending bookings cleared. (IDs: 72)','2013-10-27 03:00:00',1),(137,'Faculty Booking Reminder','No faculty to remind.','2013-10-28 03:00:00',1),(138,'Clear Pending Bookings','Pending bookings cleared. (IDs: 78)','2013-10-28 03:00:00',1),(139,'Database Backup','Database backup complete: 2013-10-28 03:00:00.002','2013-10-28 03:00:00',1),(140,'Faculty Booking Reminder','Faculty reminded for bookings. (IDs: 79)','2013-10-29 03:00:00',1),(141,'Clear Pending Bookings','No pending bookings to clear.','2013-10-29 03:00:00',1),(142,'Database Backup','Database backup complete: 2013-10-29 03:00:00.005','2013-10-29 03:00:00',1),(143,'Clear Pending Bookings','No pending bookings to clear.','2013-10-30 03:00:00',1),(144,'Faculty Booking Reminder','No faculty to remind.','2013-10-30 03:00:00',1),(145,'Database Backup','Database backup complete: 2013-10-30 03:00:00.009','2013-10-30 03:00:00',1),(146,'Clear Pending Bookings','No pending bookings to clear.','2013-10-31 03:00:00',1),(147,'Faculty Booking Reminder','Faculty reminded for bookings. (IDs: 83)','2013-10-31 03:00:00',1),(148,'Database Backup','Database backup complete: 2013-10-31 03:00:00.028','2013-10-31 03:00:00',1),(149,'Clear Pending Bookings','No pending bookings to clear.','2013-11-01 03:00:00',1),(150,'Faculty Booking Reminder','No faculty to remind.','2013-11-01 03:00:00',1);
/*!40000 ALTER TABLE `CronLog` ENABLE KEYS */;
UNLOCK TABLES;

--
-- Table structure for table `Milestone`
--

DROP TABLE IF EXISTS `Milestone`;
/*!40101 SET @saved_cs_client     = @@character_set_client */;
/*!40101 SET character_set_client = utf8 */;
CREATE TABLE `Milestone` (
  `id` bigint(20) NOT NULL AUTO_INCREMENT,
  `milestoneOrder` int(11) NOT NULL,
  `name` varchar(255) DEFAULT NULL,
  `requiredAttendees` longblob,
  `slotDuration` int(11) NOT NULL,
  `term_id` bigint(20) DEFAULT NULL,
  PRIMARY KEY (`id`),
  UNIQUE KEY `Milestone_unique_constraint` (`name`,`term_id`),
  KEY `FK_ejw9neeqw4pajpv2w9mchm7x7` (`term_id`),
  CONSTRAINT `FK_ejw9neeqw4pajpv2w9mchm7x7` FOREIGN KEY (`term_id`) REFERENCES `Term` (`id`)
) ENGINE=InnoDB AUTO_INCREMENT=10 DEFAULT CHARSET=latin1;
/*!40101 SET character_set_client = @saved_cs_client */;

--
-- Dumping data for table `Milestone`
--

LOCK TABLES `Milestone` WRITE;
/*!40000 ALTER TABLE `Milestone` DISABLE KEYS */;
INSERT INTO `Milestone` VALUES (1,1,'Acceptance',0xACED0005737200136A6176612E7574696C2E41727261794C6973747881D21D99C7619D03000149000473697A6578700000000177040000000A74000A53757065727669736F7278,60,1),(2,2,'Midterm',0xACED0005737200136A6176612E7574696C2E41727261794C6973747881D21D99C7619D03000149000473697A6578700000000277040000000A74000952657669657765723174000952657669657765723278,90,1),(3,3,'Final',0xACED0005737200136A6176612E7574696C2E41727261794C6973747881D21D99C7619D03000149000473697A6578700000000277040000000A74000A53757065727669736F7274000952657669657765723178,90,1),(4,1,'Acceptance',0xACED0005737200136A6176612E7574696C2E41727261794C6973747881D21D99C7619D03000149000473697A6578700000000177040000000A74000A53757065727669736F7278,60,2),(5,2,'Midterm',0xACED0005737200136A6176612E7574696C2E41727261794C6973747881D21D99C7619D03000149000473697A6578700000000277040000000A74000952657669657765723174000952657669657765723278,90,2),(6,3,'Final',0xACED0005737200136A6176612E7574696C2E41727261794C6973747881D21D99C7619D03000149000473697A6578700000000277040000000A74000A53757065727669736F7274000952657669657765723178,90,2),(7,1,'Acceptance',0xACED0005737200136A6176612E7574696C2E41727261794C6973747881D21D99C7619D03000149000473697A6578700000000177040000000A74000A53757065727669736F7278,60,3),(8,2,'Midterm',0xACED0005737200136A6176612E7574696C2E41727261794C6973747881D21D99C7619D03000149000473697A6578700000000277040000000A74000952657669657765723174000952657669657765723278,90,3),(9,3,'Final',0xACED0005737200136A6176612E7574696C2E41727261794C6973747881D21D99C7619D03000149000473697A6578700000000277040000000A74000A53757065727669736F7274000952657669657765723178,90,3);
/*!40000 ALTER TABLE `Milestone` ENABLE KEYS */;
UNLOCK TABLES;

--
-- Table structure for table `Schedule`
--

DROP TABLE IF EXISTS `Schedule`;
/*!40101 SET @saved_cs_client     = @@character_set_client */;
/*!40101 SET character_set_client = utf8 */;
CREATE TABLE `Schedule` (
  `id` bigint(20) NOT NULL AUTO_INCREMENT,
  `dayEndTime` int(11) NOT NULL,
  `dayStartTime` int(11) NOT NULL,
  `endDate` datetime DEFAULT NULL,
  `startDate` datetime DEFAULT NULL,
  `milestone_id` bigint(20) DEFAULT NULL,
  `bookable` tinyint(1) DEFAULT NULL,
  PRIMARY KEY (`id`),
  UNIQUE KEY `Schedule_unique_constraint` (`milestone_id`),
  KEY `FK_nacabrc9ajrry860x2nlf7tbe` (`milestone_id`),
  CONSTRAINT `FK_nacabrc9ajrry860x2nlf7tbe` FOREIGN KEY (`milestone_id`) REFERENCES `Milestone` (`id`)
) ENGINE=InnoDB AUTO_INCREMENT=10 DEFAULT CHARSET=latin1;
/*!40101 SET character_set_client = @saved_cs_client */;

--
-- Dumping data for table `Schedule`
--

LOCK TABLES `Schedule` WRITE;
/*!40000 ALTER TABLE `Schedule` DISABLE KEYS */;
INSERT INTO `Schedule` VALUES (1,19,9,'2013-09-26 23:00:00','2013-09-26 00:00:00',1,1),(2,20,9,'2013-10-12 22:30:00','2013-10-03 00:00:00',2,1),(3,20,9,'2013-12-03 22:30:00','2013-11-26 00:00:00',3,1),(4,21,10,'2013-11-08 23:00:00','2013-11-04 00:00:00',4,1),(5,20,9,'2014-02-26 22:30:00','2014-02-17 00:00:00',5,0),(6,20,9,'2014-04-23 22:30:00','2014-04-14 00:00:00',6,0),(7,19,9,'2013-10-23 23:00:00','2013-10-23 00:00:00',7,0),(8,19,9,'2013-10-24 22:30:00','2013-10-24 00:00:00',8,0),(9,20,9,'2013-12-03 22:30:00','2013-11-25 00:00:00',9,1);
/*!40000 ALTER TABLE `Schedule` ENABLE KEYS */;
UNLOCK TABLES;

--
-- Table structure for table `Settings`
--

DROP TABLE IF EXISTS `Settings`;
/*!40101 SET @saved_cs_client     = @@character_set_client */;
/*!40101 SET character_set_client = utf8 */;
CREATE TABLE `Settings` (
  `id` bigint(20) NOT NULL AUTO_INCREMENT,
  `name` varchar(255) DEFAULT NULL,
  `value` longtext,
  PRIMARY KEY (`id`),
  UNIQUE KEY `UK_rk5afi9vbc824rvihuax10mrh` (`name`)
) ENGINE=InnoDB AUTO_INCREMENT=5 DEFAULT CHARSET=latin1;
/*!40101 SET character_set_client = @saved_cs_client */;

--
-- Dumping data for table `Settings`
--

LOCK TABLES `Settings` WRITE;
/*!40000 ALTER TABLE `Settings` DISABLE KEYS */;
INSERT INTO `Settings` (`id`, `name`, `value`) VALUES
(1, 'activeTerms', '[2,3]'),
(2, 'defaultTerm', '3'),
(3, 'milestones', '[{"milestone":"Acceptance","attendees":["Supervisor"],"duration":60,"order":1},{"milestone":"Midterm","attendees":["Reviewer1","Reviewer2"],"duration":90,"order":2},{"milestone":"Final","attendees":["Supervisor","Reviewer1"],"duration":90,"order":3}]'),
(4, 'manageNotifications', '[{"emailFrequency":"1","emailStatus":"On"},{"smsStatus":"On","smsFrequency":"24"},{"emailClearStatus":"On","emailClearFrequency":"2"}]'),
(5, 'bypassPassword', 'default'),
(6, 'emailURL', 'http://202.161.45.167/is480-scheduling/');
/*!40000 ALTER TABLE `Settings` ENABLE KEYS */;
UNLOCK TABLES;

--
-- Table structure for table `Team`
--

DROP TABLE IF EXISTS `Team`;
/*!40101 SET @saved_cs_client     = @@character_set_client */;
/*!40101 SET character_set_client = utf8 */;
CREATE TABLE `Team` (
  `id` bigint(20) NOT NULL AUTO_INCREMENT,
  `teamName` varchar(255) DEFAULT NULL,
  `reviewer1_id` bigint(20) DEFAULT NULL,
  `reviewer2_id` bigint(20) DEFAULT NULL,
  `supervisor_id` bigint(20) DEFAULT NULL,
  `term_id` bigint(20) DEFAULT NULL,
  PRIMARY KEY (`id`),
  UNIQUE KEY `Team_unique_constraint` (`teamName`,`term_id`),
  KEY `FK_73o43byxn9viod38fryfanso7` (`reviewer1_id`),
  KEY `FK_e2h7um2no798m9231wqimwdfq` (`reviewer2_id`),
  KEY `FK_g4vca3wnseio00dacukm2b8ps` (`supervisor_id`),
  KEY `FK_bam6dgsa03cbfor33ftvcq9tt` (`term_id`),
  CONSTRAINT `FK_bam6dgsa03cbfor33ftvcq9tt` FOREIGN KEY (`term_id`) REFERENCES `Term` (`id`),
  CONSTRAINT `FK_73o43byxn9viod38fryfanso7` FOREIGN KEY (`reviewer1_id`) REFERENCES `User` (`id`),
  CONSTRAINT `FK_e2h7um2no798m9231wqimwdfq` FOREIGN KEY (`reviewer2_id`) REFERENCES `User` (`id`),
  CONSTRAINT `FK_g4vca3wnseio00dacukm2b8ps` FOREIGN KEY (`supervisor_id`) REFERENCES `User` (`id`)
) ENGINE=InnoDB AUTO_INCREMENT=61 DEFAULT CHARSET=latin1;
/*!40101 SET character_set_client = @saved_cs_client */;

--
-- Dumping data for table `Team`
--

LOCK TABLES `Team` WRITE;
/*!40000 ALTER TABLE `Team` DISABLE KEYS */;
INSERT INTO `Team` VALUES (1,'Thunderbolt',10,11,9,1),(2,'Acellence',11,9,18,1),(3,'ironMEN',18,10,24,1),(4,'CARTES',10,11,18,1),(5,'Creagend',24,9,18,1),(6,'Funktional',11,9,18,1),(7,'Jskey',9,18,11,1),(8,'UniCode',18,24,11,1),(9,'Kungfu Panda',18,10,9,1),(10,'La Buena Vida',9,18,10,1),(11,'DPENZ',68,69,67,2),(12,'Techne Logos',NULL,NULL,72,2),(13,'GENShYFT',NULL,NULL,68,2),(14,'iChallenge',NULL,NULL,68,2),(15,'SixDotz',NULL,NULL,68,2),(16,'AAN',NULL,NULL,69,2),(17,'Five&AHalfMen',NULL,NULL,69,2),(18,'RubberDuck Studios',NULL,NULL,69,2),(19,'LittleTeam',NULL,NULL,70,2),(20,'The Partners',NULL,NULL,70,2),(21,'Zora',NULL,NULL,70,2),(22,'Silicon Geeks',NULL,NULL,70,2),(23,'Bisa',NULL,NULL,71,2),(24,'Carpe Diem',NULL,NULL,71,2),(25,'Change-Makers',NULL,NULL,71,2),(26,'Invenio',NULL,NULL,71,2),(27,'JavaChips',NULL,NULL,67,2),(28,'Excelente',NULL,NULL,67,2),(29,'OneRevolution',NULL,NULL,67,2),(30,'Beedoh',NULL,NULL,68,2),(31,'golf.(y).peers',NULL,NULL,68,2),(32,'DR. Jean Labs',NULL,NULL,68,2),(33,'SkyTeam',NULL,NULL,68,2),(34,'Rubix',NULL,NULL,68,2),(35,'Tappers',NULL,NULL,72,2),(36,'The Codefather',NULL,NULL,68,2),(37,'EINE',NULL,NULL,72,2),(38,'Newbility',NULL,NULL,72,2),(39,'Positive Impressions',NULL,NULL,68,2),(40,'Team Sant',NULL,NULL,68,2),(41,'Viva',NULL,NULL,68,2),(42,'Acellence',339,340,338,3),(43,'CARTES',341,339,338,3),(44,'Funktional',339,340,338,3),(45,'Team Rockets',341,342,338,3),(46,'Alexis',340,338,339,3),(47,'Bankrevels',342,340,339,3),(48,'Jskey',340,341,339,3),(49,'UniCode',338,342,339,3),(50,'Altitude',339,338,342,3),(51,'Awe-K2',341,339,342,3),(52,'FourPointFive',339,341,342,3),(53,'ironMEN',338,341,342,3),(54,'Kungfu Panda',342,341,340,3),(55,'Marvel lous',338,342,340,3),(56,'ThunderBolt',341,339,340,3),(57,'InfoTopia',338,342,341,3),(58,'La Buena Vida',340,338,341,3),(59,'Prime Factor',342,338,341,3),(60,'Zircon',342,339,341,3);
UPDATE `Team` SET `reviewer1_id` = 68 WHERE `reviewer1_id` IS NULL;
UPDATE `Team` SET `reviewer2_id` = 68 WHERE `reviewer2_id` IS NULL;
/*!40000 ALTER TABLE `Team` ENABLE KEYS */;
UNLOCK TABLES;

--
-- Table structure for table `Term`
--

DROP TABLE IF EXISTS `Term`;
/*!40101 SET @saved_cs_client     = @@character_set_client */;
/*!40101 SET character_set_client = utf8 */;
CREATE TABLE `Term` (
  `id` bigint(20) NOT NULL AUTO_INCREMENT,
  `academicYear` int(11) NOT NULL,
  `displayName` varchar(255) DEFAULT NULL,
  `semester` varchar(255) DEFAULT NULL,
  PRIMARY KEY (`id`),
  UNIQUE KEY `Timeslot_unique_constraint` (`academicYear`,`semester`)
) ENGINE=InnoDB AUTO_INCREMENT=4 DEFAULT CHARSET=latin1;
/*!40101 SET character_set_client = @saved_cs_client */;

--
-- Dumping data for table `Term`
--

LOCK TABLES `Term` WRITE;
/*!40000 ALTER TABLE `Term` DISABLE KEYS */;
INSERT INTO `Term` VALUES (1,2013,'2013-14 Testing','Testing'),(2,2013,'2013-14 Term 2','Term 2'),(3,2013,'2013-14 Term 1','Term 1');
/*!40000 ALTER TABLE `Term` ENABLE KEYS */;
UNLOCK TABLES;

--
-- Table structure for table `Timeslot`
--

DROP TABLE IF EXISTS `Timeslot`;
/*!40101 SET @saved_cs_client     = @@character_set_client */;
/*!40101 SET character_set_client = utf8 */;
CREATE TABLE `Timeslot` (
  `id` bigint(20) NOT NULL AUTO_INCREMENT,
  `endTime` datetime DEFAULT NULL,
  `startTime` datetime DEFAULT NULL,
  `venue` varchar(255) DEFAULT NULL,
  `TA_id` bigint(20) DEFAULT NULL,
  `currentBooking_id` bigint(20) DEFAULT NULL,
  `schedule_id` bigint(20) DEFAULT NULL,
  PRIMARY KEY (`id`),
  UNIQUE KEY `Timeslot_unique_constraint` (`schedule_id`,`startTime`),
  KEY `FK_lltj9o8yfo5qkk0e5jew3lx2u` (`TA_id`),
  KEY `FK_uqh6nnjuchdyanvigheu6h7j` (`currentBooking_id`),
  KEY `FK_abq1ciqw2q6atndxfb2oo60c8` (`schedule_id`),
  CONSTRAINT `FK_abq1ciqw2q6atndxfb2oo60c8` FOREIGN KEY (`schedule_id`) REFERENCES `Schedule` (`id`),
  CONSTRAINT `FK_lltj9o8yfo5qkk0e5jew3lx2u` FOREIGN KEY (`TA_id`) REFERENCES `User` (`id`),
  CONSTRAINT `FK_uqh6nnjuchdyanvigheu6h7j` FOREIGN KEY (`currentBooking_id`) REFERENCES `Booking` (`id`)
) ENGINE=InnoDB AUTO_INCREMENT=510 DEFAULT CHARSET=latin1;
/*!40101 SET character_set_client = @saved_cs_client */;

--
-- Dumping data for table `Timeslot`
--

LOCK TABLES `Timeslot` WRITE;
/*!40000 ALTER TABLE `Timeslot` DISABLE KEYS */;
INSERT INTO `Timeslot` VALUES (183,'2013-09-26 10:00:00','2013-09-26 09:00:00','N/A',NULL,NULL,1),(184,'2013-09-26 11:00:00','2013-09-26 10:00:00','N/A',NULL,NULL,1),(185,'2013-09-26 12:00:00','2013-09-26 11:00:00','N/A',NULL,NULL,1),(186,'2013-09-26 13:00:00','2013-09-26 12:00:00','N/A',NULL,NULL,1),(187,'2013-09-26 14:00:00','2013-09-26 13:00:00','N/A',NULL,NULL,1),(188,'2013-09-26 15:00:00','2013-09-26 14:00:00','N/A',NULL,NULL,1),(189,'2013-09-26 16:00:00','2013-09-26 15:00:00','N/A',NULL,NULL,1),(190,'2013-09-26 17:00:00','2013-09-26 16:00:00','N/A',NULL,NULL,1),(191,'2013-09-26 18:00:00','2013-09-26 17:00:00','N/A',NULL,NULL,1),(192,'2013-09-26 19:00:00','2013-09-26 18:00:00','N/A',NULL,NULL,1),(202,'2013-10-04 15:00:00','2013-10-04 13:30:00','SIS SR 2-1',NULL,NULL,2),(203,'2013-10-04 16:30:00','2013-10-04 15:00:00','SIS SR 2-1',NULL,NULL,2),(204,'2013-10-04 18:00:00','2013-10-04 16:30:00','SIS SR 2-1',NULL,NULL,2),(208,'2013-10-07 15:00:00','2013-10-07 13:30:00','SIS SR 2-1',NULL,NULL,2),(210,'2013-10-07 18:00:00','2013-10-07 16:30:00','SIS SR 2-1',NULL,NULL,2),(215,'2013-10-08 16:30:00','2013-10-08 15:00:00','SIS SR 2-1',NULL,NULL,2),(216,'2013-10-08 18:00:00','2013-10-08 16:30:00','SIS SR 2-1',NULL,NULL,2),(220,'2013-10-09 15:00:00','2013-10-09 13:30:00','SIS SR 2-1',NULL,NULL,2),(222,'2013-10-09 18:00:00','2013-10-09 16:30:00','SIS SR 2-1',NULL,NULL,2),(227,'2013-10-10 16:30:00','2013-10-10 15:00:00','SIS SR 2-1',NULL,NULL,2),(232,'2013-10-11 15:00:00','2013-10-11 13:30:00','SIS SR 2-1',NULL,NULL,2),(233,'2013-10-11 16:30:00','2013-10-11 15:00:00','SIS SR 2-1',NULL,NULL,2),(238,'2013-11-26 15:00:00','2013-11-26 13:30:00','SIS SR 2.1',NULL,NULL,3),(239,'2013-11-26 16:30:00','2013-11-26 15:00:00','SIS SR 2.1',NULL,NULL,3),(240,'2013-11-26 18:00:00','2013-11-26 16:30:00','SIS SR 2.1',NULL,NULL,3),(244,'2013-11-27 15:00:00','2013-11-27 13:30:00','SIS SR 2.1',NULL,NULL,3),(245,'2013-11-27 16:30:00','2013-11-27 15:00:00','SIS SR 2.1',NULL,NULL,3),(246,'2013-11-27 18:00:00','2013-11-27 16:30:00','SIS SR 2.1',NULL,NULL,3),(250,'2013-11-28 15:00:00','2013-11-28 13:30:00','SIS SR 2.1',NULL,NULL,3),(251,'2013-11-28 16:30:00','2013-11-28 15:00:00','SIS SR 2.1',NULL,NULL,3),(252,'2013-11-28 18:00:00','2013-11-28 16:30:00','SIS SR 2.1',NULL,NULL,3),(256,'2013-11-29 15:00:00','2013-11-29 13:30:00','SIS SR 2.1',NULL,NULL,3),(257,'2013-11-29 16:30:00','2013-11-29 15:00:00','SIS SR 2.1',NULL,NULL,3),(258,'2013-11-29 18:00:00','2013-11-29 16:30:00','SIS SR 2.1',NULL,NULL,3),(262,'2013-12-02 15:00:00','2013-12-02 13:30:00','SIS SR 2.1',NULL,NULL,3),(263,'2013-12-02 16:30:00','2013-12-02 15:00:00','SIS SR 2.1',NULL,NULL,3),(264,'2013-12-02 18:00:00','2013-12-02 16:30:00','SIS SR 2.1',NULL,NULL,3),(268,'2013-12-03 15:00:00','2013-12-03 13:30:00','SIS SR 2.1',NULL,NULL,3),(269,'2013-12-03 16:30:00','2013-12-03 15:00:00','SIS SR 2.1',NULL,NULL,3),(270,'2013-12-03 18:00:00','2013-12-03 16:30:00','SIS SR 2.1',NULL,NULL,3),(271,'2013-10-03 12:30:00','2013-10-03 11:00:00','SIS SR 2-1',NULL,NULL,2),(272,'2013-11-06 11:00:00','2013-11-06 10:00:00','SIS SR 2.1',348,27,4),(273,'2013-11-07 11:00:00','2013-11-07 10:00:00','SIS SR 2.1',349,33,4),(274,'2013-11-08 11:00:00','2013-11-08 10:00:00','SIS SR 2.1',349,80,4),(275,'2013-11-07 12:00:00','2013-11-07 11:00:00','SIS SR 2.1',NULL,NULL,4),(276,'2013-11-05 14:00:00','2013-11-05 13:00:00','SIS MR 4.4',346,25,4),(277,'2013-11-07 14:00:00','2013-11-07 13:00:00','SIS SR 2.1',347,76,4),(278,'2013-11-05 15:00:00','2013-11-05 14:00:00','SIS MR 4.4',346,19,4),(279,'2013-11-07 15:00:00','2013-11-07 14:00:00','SIS SR 2.1',66,15,4),(280,'2013-11-05 16:00:00','2013-11-05 15:00:00','SIS MR 4.4',346,41,4),(281,'2013-11-07 16:00:00','2013-11-07 15:00:00','SIS SR 2.1',66,38,4),(282,'2013-11-05 17:00:00','2013-11-05 16:00:00','SIS MR 4.4',346,20,4),(283,'2013-11-06 17:00:00','2013-11-06 16:00:00','SIS SR 2.1',347,24,4),(284,'2013-11-07 17:00:00','2013-11-07 16:00:00','SIS SR 2.1',347,21,4),(285,'2013-11-08 17:00:00','2013-11-08 16:00:00','SIS SR 2.1',347,13,4),(286,'2013-11-05 18:00:00','2013-11-05 17:00:00','SIS MR 4.4',346,3,4),(287,'2013-11-06 18:00:00','2013-11-06 17:00:00','SIS SR 2.1',347,30,4),(288,'2013-11-07 18:00:00','2013-11-07 17:00:00','SIS SR 2.1',347,26,4),(289,'2013-11-08 18:00:00','2013-11-08 17:00:00','SIS SR 2.1',347,7,4),(290,'2014-02-17 11:00:00','2014-02-17 09:30:00','N/A',NULL,NULL,5),(291,'2014-02-18 11:00:00','2014-02-18 09:30:00','N/A',NULL,NULL,5),(292,'2014-02-19 11:00:00','2014-02-19 09:30:00','N/A',NULL,NULL,5),(293,'2014-02-20 11:00:00','2014-02-20 09:30:00','N/A',NULL,NULL,5),(294,'2014-02-21 11:00:00','2014-02-21 09:30:00','N/A',NULL,NULL,5),(295,'2014-02-24 11:00:00','2014-02-24 09:30:00','N/A',NULL,NULL,5),(296,'2014-02-25 11:00:00','2014-02-25 09:30:00','N/A',NULL,NULL,5),(297,'2014-02-26 11:00:00','2014-02-26 09:30:00','N/A',NULL,NULL,5),(298,'2014-02-17 12:30:00','2014-02-17 11:00:00','N/A',NULL,NULL,5),(299,'2014-02-18 12:30:00','2014-02-18 11:00:00','N/A',NULL,NULL,5),(300,'2014-02-19 12:30:00','2014-02-19 11:00:00','N/A',NULL,NULL,5),(301,'2014-02-20 12:30:00','2014-02-20 11:00:00','N/A',NULL,NULL,5),(302,'2014-02-21 12:30:00','2014-02-21 11:00:00','N/A',NULL,NULL,5),(303,'2014-02-24 12:30:00','2014-02-24 11:00:00','N/A',NULL,NULL,5),(304,'2014-02-25 12:30:00','2014-02-25 11:00:00','N/A',NULL,NULL,5),(305,'2014-02-26 12:30:00','2014-02-26 11:00:00','N/A',NULL,NULL,5),(306,'2014-02-17 15:00:00','2014-02-17 13:30:00','N/A',NULL,NULL,5),(307,'2014-02-18 15:00:00','2014-02-18 13:30:00','N/A',NULL,NULL,5),(308,'2014-02-19 15:00:00','2014-02-19 13:30:00','N/A',NULL,NULL,5),(309,'2014-02-20 15:00:00','2014-02-20 13:30:00','N/A',NULL,NULL,5),(310,'2014-02-21 15:00:00','2014-02-21 13:30:00','N/A',NULL,NULL,5),(311,'2014-02-24 15:00:00','2014-02-24 13:30:00','N/A',NULL,NULL,5),(312,'2014-02-25 15:00:00','2014-02-25 13:30:00','N/A',NULL,NULL,5),(313,'2014-02-26 15:00:00','2014-02-26 13:30:00','N/A',NULL,NULL,5),(314,'2014-02-17 16:30:00','2014-02-17 15:00:00','N/A',NULL,NULL,5),(315,'2014-02-18 16:30:00','2014-02-18 15:00:00','N/A',NULL,NULL,5),(316,'2014-02-19 16:30:00','2014-02-19 15:00:00','N/A',NULL,NULL,5),(317,'2014-02-20 16:30:00','2014-02-20 15:00:00','N/A',NULL,NULL,5),(318,'2014-02-21 16:30:00','2014-02-21 15:00:00','N/A',NULL,NULL,5),(319,'2014-02-24 16:30:00','2014-02-24 15:00:00','N/A',NULL,NULL,5),(320,'2014-02-25 16:30:00','2014-02-25 15:00:00','N/A',NULL,NULL,5),(321,'2014-02-26 16:30:00','2014-02-26 15:00:00','N/A',NULL,NULL,5),(322,'2014-02-17 18:00:00','2014-02-17 16:30:00','N/A',NULL,NULL,5),(323,'2014-02-18 18:00:00','2014-02-18 16:30:00','N/A',NULL,NULL,5),(324,'2014-02-19 18:00:00','2014-02-19 16:30:00','N/A',NULL,NULL,5),(325,'2014-02-20 18:00:00','2014-02-20 16:30:00','N/A',NULL,NULL,5),(326,'2014-02-21 18:00:00','2014-02-21 16:30:00','N/A',NULL,NULL,5),(327,'2014-02-24 18:00:00','2014-02-24 16:30:00','N/A',NULL,NULL,5),(328,'2014-02-25 18:00:00','2014-02-25 16:30:00','N/A',NULL,NULL,5),(329,'2014-02-26 18:00:00','2014-02-26 16:30:00','N/A',NULL,NULL,5),(330,'2014-04-14 11:00:00','2014-04-14 09:30:00','N/A',NULL,NULL,6),(331,'2014-04-15 11:00:00','2014-04-15 09:30:00','N/A',NULL,NULL,6),(332,'2014-04-16 11:00:00','2014-04-16 09:30:00','N/A',NULL,NULL,6),(333,'2014-04-17 11:00:00','2014-04-17 09:30:00','N/A',NULL,NULL,6),(334,'2014-04-18 11:00:00','2014-04-18 09:30:00','N/A',NULL,NULL,6),(335,'2014-04-21 11:00:00','2014-04-21 09:30:00','N/A',NULL,NULL,6),(336,'2014-04-22 11:00:00','2014-04-22 09:30:00','N/A',NULL,NULL,6),(337,'2014-04-23 11:00:00','2014-04-23 09:30:00','N/A',NULL,NULL,6),(338,'2014-04-14 12:30:00','2014-04-14 11:00:00','N/A',NULL,NULL,6),(339,'2014-04-15 12:30:00','2014-04-15 11:00:00','N/A',NULL,NULL,6),(340,'2014-04-16 12:30:00','2014-04-16 11:00:00','N/A',NULL,NULL,6),(341,'2014-04-17 12:30:00','2014-04-17 11:00:00','N/A',NULL,NULL,6),(342,'2014-04-18 12:30:00','2014-04-18 11:00:00','N/A',NULL,NULL,6),(343,'2014-04-21 12:30:00','2014-04-21 11:00:00','N/A',NULL,NULL,6),(344,'2014-04-22 12:30:00','2014-04-22 11:00:00','N/A',NULL,NULL,6),(345,'2014-04-23 12:30:00','2014-04-23 11:00:00','N/A',NULL,NULL,6),(346,'2014-04-14 15:00:00','2014-04-14 13:30:00','N/A',NULL,NULL,6),(347,'2014-04-15 15:00:00','2014-04-15 13:30:00','N/A',NULL,NULL,6),(348,'2014-04-16 15:00:00','2014-04-16 13:30:00','N/A',NULL,NULL,6),(349,'2014-04-17 15:00:00','2014-04-17 13:30:00','N/A',NULL,NULL,6),(350,'2014-04-18 15:00:00','2014-04-18 13:30:00','N/A',NULL,NULL,6),(351,'2014-04-21 15:00:00','2014-04-21 13:30:00','N/A',NULL,NULL,6),(352,'2014-04-22 15:00:00','2014-04-22 13:30:00','N/A',NULL,NULL,6),(353,'2014-04-23 15:00:00','2014-04-23 13:30:00','N/A',NULL,NULL,6),(354,'2014-04-14 16:30:00','2014-04-14 15:00:00','N/A',NULL,NULL,6),(355,'2014-04-15 16:30:00','2014-04-15 15:00:00','N/A',NULL,NULL,6),(356,'2014-04-16 16:30:00','2014-04-16 15:00:00','N/A',NULL,NULL,6),(357,'2014-04-17 16:30:00','2014-04-17 15:00:00','N/A',NULL,NULL,6),(358,'2014-04-18 16:30:00','2014-04-18 15:00:00','N/A',NULL,NULL,6),(359,'2014-04-21 16:30:00','2014-04-21 15:00:00','N/A',NULL,NULL,6),(360,'2014-04-22 16:30:00','2014-04-22 15:00:00','N/A',NULL,NULL,6),(361,'2014-04-23 16:30:00','2014-04-23 15:00:00','N/A',NULL,NULL,6),(362,'2014-04-14 18:00:00','2014-04-14 16:30:00','N/A',NULL,NULL,6),(363,'2014-04-15 18:00:00','2014-04-15 16:30:00','N/A',NULL,NULL,6),(364,'2014-04-16 18:00:00','2014-04-16 16:30:00','N/A',NULL,NULL,6),(365,'2014-04-17 18:00:00','2014-04-17 16:30:00','N/A',NULL,NULL,6),(366,'2014-04-18 18:00:00','2014-04-18 16:30:00','N/A',NULL,NULL,6),(367,'2014-04-21 18:00:00','2014-04-21 16:30:00','N/A',NULL,NULL,6),(368,'2014-04-22 18:00:00','2014-04-22 16:30:00','N/A',NULL,NULL,6),(369,'2014-04-23 18:00:00','2014-04-23 16:30:00','N/A',NULL,NULL,6),(370,'2013-11-05 19:00:00','2013-11-05 18:00:00','SIS MR 4.4',346,36,4),(371,'2013-11-05 20:00:00','2013-11-05 19:00:00','SIS MR 4.4',NULL,23,4),(373,'2013-11-06 19:00:00','2013-11-06 18:00:00','SIS SR 2.1',347,79,4),(374,'2013-11-06 20:00:00','2013-11-06 19:00:00','SIS SR 2.1',NULL,28,4),(376,'2013-11-07 19:00:00','2013-11-07 18:00:00','SIS SR 2.1',348,82,4),(377,'2013-11-07 20:00:00','2013-11-07 19:00:00','SIS SR 2.1',349,35,4),(379,'2013-11-08 20:00:00','2013-11-08 19:00:00','SIS SR 2.1',349,34,4),(389,'2014-04-14 19:30:00','2014-04-14 18:00:00','N/A',NULL,NULL,6),(390,'2014-04-15 19:30:00','2014-04-15 18:00:00','N/A',NULL,NULL,6),(391,'2014-04-16 19:30:00','2014-04-16 18:00:00','N/A',NULL,NULL,6),(392,'2014-04-17 19:30:00','2014-04-17 18:00:00','N/A',NULL,NULL,6),(393,'2014-04-18 19:30:00','2014-04-18 18:00:00','N/A',NULL,NULL,6),(394,'2014-04-21 19:30:00','2014-04-21 18:00:00','N/A',NULL,NULL,6),(395,'2014-04-22 19:30:00','2014-04-22 18:00:00','N/A',NULL,NULL,6),(396,'2014-04-23 19:30:00','2014-04-23 18:00:00','N/A',NULL,NULL,6),(397,'2014-02-17 19:30:00','2014-02-17 18:00:00','N/A',NULL,NULL,5),(398,'2014-02-18 19:30:00','2014-02-18 18:00:00','N/A',NULL,NULL,5),(399,'2014-02-19 19:30:00','2014-02-19 18:00:00','N/A',NULL,NULL,5),(400,'2014-02-20 19:30:00','2014-02-20 18:00:00','N/A',NULL,NULL,5),(401,'2014-02-21 19:30:00','2014-02-21 18:00:00','N/A',NULL,NULL,5),(402,'2014-02-24 19:30:00','2014-02-24 18:00:00','N/A',NULL,NULL,5),(403,'2014-02-25 19:30:00','2014-02-25 18:00:00','N/A',NULL,NULL,5),(404,'2014-02-26 19:30:00','2014-02-26 18:00:00','N/A',NULL,NULL,5),(411,'2013-10-09 19:30:00','2013-10-09 18:00:00','SIS SR 2-1',NULL,NULL,2),(412,'2013-10-10 11:00:00','2013-10-10 09:30:00','SIS SR 2-1',NULL,NULL,2),(413,'2013-10-10 12:30:00','2013-10-10 11:00:00','SIS SR 2-1',NULL,NULL,2),(414,'2013-10-10 19:30:00','2013-10-10 18:00:00','SIS SR 2-1',NULL,NULL,2),(415,'2013-10-11 19:30:00','2013-10-11 18:00:00','SIS SR 2-1',NULL,NULL,2),(416,'2013-10-12 12:30:00','2013-10-12 11:00:00','SIS SR 2-1',NULL,NULL,2),(417,'2013-11-26 11:00:00','2013-11-26 09:30:00','SIS SR 2.1',NULL,NULL,3),(418,'2013-11-26 12:30:00','2013-11-26 11:00:00','SIS SR 2.1',NULL,NULL,3),(419,'2013-11-26 19:30:00','2013-11-26 18:00:00','SIS SR 2.1',NULL,NULL,3),(420,'2013-11-27 11:00:00','2013-11-27 09:30:00','SIS SR 2.1',NULL,NULL,3),(421,'2013-11-27 12:30:00','2013-11-27 11:00:00','SIS SR 2.1',NULL,NULL,3),(422,'2013-11-27 19:30:00','2013-11-27 18:00:00','SIS SR 2.1',NULL,NULL,3),(423,'2013-11-28 11:00:00','2013-11-28 09:30:00','SIS SR 2.1',NULL,NULL,3),(424,'2013-11-28 12:30:00','2013-11-28 11:00:00','SIS SR 2.1',NULL,NULL,3),(425,'2013-11-28 19:30:00','2013-11-28 18:00:00','SIS SR 2.1',NULL,NULL,3),(426,'2013-11-29 11:00:00','2013-11-29 09:30:00','SIS SR 2.1',NULL,NULL,3),(427,'2013-11-29 12:30:00','2013-11-29 11:00:00','SIS SR 2.1',NULL,NULL,3),(428,'2013-11-29 19:30:00','2013-11-29 18:00:00','SIS SR 2.1',NULL,NULL,3),(429,'2013-12-02 11:00:00','2013-12-02 09:30:00','SIS SR 2.1',NULL,NULL,3),(430,'2013-12-02 12:30:00','2013-12-02 11:00:00','SIS SR 2.1',NULL,NULL,3),(431,'2013-12-02 19:30:00','2013-12-02 18:00:00','SIS SR 2.1',NULL,NULL,3),(432,'2013-12-03 11:00:00','2013-12-03 09:30:00','SIS SR 2.1',NULL,NULL,3),(433,'2013-12-03 12:30:00','2013-12-03 11:00:00','SIS SR 2.1',NULL,NULL,3),(434,'2013-12-03 19:30:00','2013-12-03 18:00:00','SIS SR 2.1',NULL,NULL,3),(442,'2013-11-08 19:00:00','2013-11-08 18:00:00','SIS SR 2.1',347,14,4),(445,'2013-11-04 13:00:00','2013-11-04 12:00:00','SIS MR 4.4',346,42,4),(446,'2013-11-04 14:00:00','2013-11-04 13:00:00','SIS MR 4.4',NULL,NULL,4),(447,'2013-11-04 15:00:00','2013-11-04 14:00:00','SIS MR 4.4',NULL,NULL,4),(448,'2013-11-04 16:00:00','2013-11-04 15:00:00','SIS MR 4.4',346,67,4),(449,'2013-11-04 17:00:00','2013-11-04 16:00:00','SIS MR 4.4',NULL,NULL,4),(450,'2013-11-04 18:00:00','2013-11-04 17:00:00','SIS MR 4.4',NULL,NULL,4),(451,'2013-11-04 19:00:00','2013-11-04 18:00:00','SIS MR 4.4',NULL,NULL,4),(452,'2013-11-04 20:00:00','2013-11-04 19:00:00','SIS MR 4.4',346,68,4),(454,'2013-11-26 11:00:00','2013-11-26 09:30:00','SIS Seminar Room 2-1',NULL,NULL,9),(455,'2013-11-27 11:00:00','2013-11-27 09:30:00','SIS Seminar Room 2-1',NULL,NULL,9),(456,'2013-11-28 11:00:00','2013-11-28 09:30:00','SIS Seminar Room 2-1',NULL,NULL,9),(457,'2013-11-29 11:00:00','2013-11-29 09:30:00','SIS Seminar Room 2-1',NULL,NULL,9),(458,'2013-12-02 11:00:00','2013-12-02 09:30:00','SIS Seminar Room 2-1',344,47,9),(459,'2013-12-03 11:00:00','2013-12-03 09:30:00','SIS Seminar Room 2-1',343,64,9),(460,'2013-11-26 12:30:00','2013-11-26 11:00:00','SIS Seminar Room 2-1',351,48,9),(461,'2013-11-27 12:30:00','2013-11-27 11:00:00','SIS Seminar Room 2-1',NULL,NULL,9),(462,'2013-11-28 12:30:00','2013-11-28 11:00:00','SIS Seminar Room 2-1',NULL,NULL,9),(463,'2013-11-29 12:30:00','2013-11-29 11:00:00','SIS Seminar Room 2-1',352,73,9),(464,'2013-12-02 12:30:00','2013-12-02 11:00:00','SIS Seminar Room 2-1',NULL,84,9),(465,'2013-12-03 12:30:00','2013-12-03 11:00:00','SIS Seminar Room 2-1',343,55,9),(466,'2013-11-26 15:00:00','2013-11-26 13:30:00','SIS Seminar Room 2-1',343,60,9),(467,'2013-11-27 15:00:00','2013-11-27 13:30:00','SIS Seminar Room 2-1',NULL,NULL,9),(468,'2013-11-29 15:00:00','2013-11-29 13:30:00','SIS Seminar Room 2-1',NULL,NULL,9),(469,'2013-12-02 15:00:00','2013-12-02 13:30:00','SIS Seminar Room 2-1',352,74,9),(470,'2013-12-03 15:00:00','2013-12-03 13:30:00','SIS Seminar Room 2-1',343,83,9),(471,'2013-11-26 16:30:00','2013-11-26 15:00:00','SIS Seminar Room 2-1',NULL,NULL,9),(472,'2013-11-27 16:30:00','2013-11-27 15:00:00','SIS Seminar Room 2-1',NULL,NULL,9),(473,'2013-11-29 16:30:00','2013-11-29 15:00:00','SIS Seminar Room 2-1',NULL,NULL,9),(474,'2013-12-02 16:30:00','2013-12-02 15:00:00','SIS Seminar Room 2-1',344,65,9),(475,'2013-12-03 16:30:00','2013-12-03 15:00:00','SIS Seminar Room 2-1',343,54,9),(476,'2013-11-26 18:00:00','2013-11-26 16:30:00','SIS Seminar Room 2-1',NULL,NULL,9),(477,'2013-11-27 18:00:00','2013-11-27 16:30:00','SIS Seminar Room 2-1',343,63,9),(478,'2013-11-29 18:00:00','2013-11-29 16:30:00','SIS Seminar Room 2-1',352,77,9),(479,'2013-12-02 18:00:00','2013-12-02 16:30:00','SIS Seminar Room 2-1',344,49,9),(480,'2013-12-03 18:00:00','2013-12-03 16:30:00','SIS Seminar Room 2-1',343,56,9),(481,'2013-10-23 10:00:00','2013-10-23 09:00:00','N/A',NULL,NULL,7),(482,'2013-10-23 11:00:00','2013-10-23 10:00:00','N/A',NULL,NULL,7),(483,'2013-10-23 12:00:00','2013-10-23 11:00:00','N/A',NULL,NULL,7),(484,'2013-10-23 13:00:00','2013-10-23 12:00:00','N/A',NULL,NULL,7),(485,'2013-10-23 14:00:00','2013-10-23 13:00:00','N/A',NULL,NULL,7),(486,'2013-10-23 15:00:00','2013-10-23 14:00:00','N/A',NULL,NULL,7),(487,'2013-10-23 16:00:00','2013-10-23 15:00:00','N/A',NULL,NULL,7),(488,'2013-10-23 17:00:00','2013-10-23 16:00:00','N/A',NULL,NULL,7),(489,'2013-10-23 18:00:00','2013-10-23 17:00:00','N/A',NULL,NULL,7),(490,'2013-10-23 19:00:00','2013-10-23 18:00:00','N/A',NULL,NULL,7),(491,'2013-10-24 10:30:00','2013-10-24 09:00:00','N/A',NULL,NULL,8),(492,'2013-10-24 12:00:00','2013-10-24 10:30:00','N/A',NULL,NULL,8),(493,'2013-10-24 13:30:00','2013-10-24 12:00:00','N/A',NULL,NULL,8),(494,'2013-10-24 15:00:00','2013-10-24 13:30:00','N/A',NULL,NULL,8),(495,'2013-10-24 16:30:00','2013-10-24 15:00:00','N/A',NULL,NULL,8),(496,'2013-10-24 18:00:00','2013-10-24 16:30:00','N/A',NULL,NULL,8),(497,'2013-11-26 19:30:00','2013-11-26 18:00:00','SIS Seminar Room 2-1',NULL,NULL,9),(498,'2013-11-27 19:30:00','2013-11-27 18:00:00','SIS Seminar Room 2-1',343,70,9),(499,'2013-11-29 19:30:00','2013-11-29 18:00:00','SIS Seminar Room 2-1',NULL,NULL,9),(500,'2013-12-02 19:30:00','2013-12-02 18:00:00','SIS Seminar Room 2-1',343,52,9),(501,'2013-12-03 19:30:00','2013-12-03 18:00:00','SIS Seminar Room 2-1',343,69,9),(509,'2013-11-25 16:30:00','2013-11-25 15:00:00','SIS Seminar Room 2-1',NULL,85,9);
/*!40000 ALTER TABLE `Timeslot` ENABLE KEYS */;
UNLOCK TABLES;

--
-- Table structure for table `Unavailable_Timeslots`
--

DROP TABLE IF EXISTS `Unavailable_Timeslots`;
/*!40101 SET @saved_cs_client     = @@character_set_client */;
/*!40101 SET character_set_client = utf8 */;
CREATE TABLE `Unavailable_Timeslots` (
  `faculty_id` bigint(20) NOT NULL,
  `timeslot_id` bigint(20) NOT NULL,
  PRIMARY KEY (`faculty_id`,`timeslot_id`),
  KEY `FK_hl8shps33hnkq3yn0x92shshf` (`timeslot_id`),
  KEY `FK_hej961hcuewtfpd3pnmwrh3bp` (`faculty_id`),
  CONSTRAINT `FK_hej961hcuewtfpd3pnmwrh3bp` FOREIGN KEY (`faculty_id`) REFERENCES `User` (`id`),
  CONSTRAINT `FK_hl8shps33hnkq3yn0x92shshf` FOREIGN KEY (`timeslot_id`) REFERENCES `Timeslot` (`id`)
) ENGINE=InnoDB DEFAULT CHARSET=latin1;
/*!40101 SET character_set_client = @saved_cs_client */;

--
-- Dumping data for table `Unavailable_Timeslots`
--

LOCK TABLES `Unavailable_Timeslots` WRITE;
/*!40000 ALTER TABLE `Unavailable_Timeslots` DISABLE KEYS */;
INSERT INTO `Unavailable_Timeslots` VALUES (71,287),(71,370),(71,373),(71,376),(71,442),(71,445),(71,446),(71,447),(71,448),(71,449),(71,450),(71,451),(338,455),(342,456),(342,457),(341,459),(338,461),(341,461),(342,462),(342,463),(341,465),(341,467),(342,468),(341,469),(341,472),(342,473),(342,478);
/*!40000 ALTER TABLE `Unavailable_Timeslots` ENABLE KEYS */;
UNLOCK TABLES;

--
-- Table structure for table `User`
--

DROP TABLE IF EXISTS `User`;
/*!40101 SET @saved_cs_client     = @@character_set_client */;
/*!40101 SET character_set_client = utf8 */;
CREATE TABLE `User` (
  `DTYPE` varchar(31) NOT NULL,
  `id` bigint(20) NOT NULL AUTO_INCREMENT,
  `fullName` varchar(255) DEFAULT NULL,
  `mobileNumber` varchar(255) DEFAULT NULL,
  `role` int(11) DEFAULT NULL,
  `username` varchar(255) DEFAULT NULL,
  `term_id` bigint(20) DEFAULT NULL,
  `team_id` bigint(20) DEFAULT NULL,
  PRIMARY KEY (`id`),
  UNIQUE KEY `User_unique_constraint` (`username`,`role`,`term_id`),
  KEY `FK_hv9jmx9bi1vceqhftsbebo1yy` (`term_id`),
  KEY `FK_f91swjsl34n9xnhh720rixb9p` (`team_id`),
  CONSTRAINT `FK_f91swjsl34n9xnhh720rixb9p` FOREIGN KEY (`team_id`) REFERENCES `Team` (`id`),
  CONSTRAINT `FK_hv9jmx9bi1vceqhftsbebo1yy` FOREIGN KEY (`term_id`) REFERENCES `Term` (`id`)
) ENGINE=InnoDB AUTO_INCREMENT=356 DEFAULT CHARSET=latin1;
/*!40101 SET character_set_client = @saved_cs_client */;

--
-- Dumping data for table `User`
--

LOCK TABLES `User` WRITE;
/*!40000 ALTER TABLE `User` DISABLE KEYS */;
INSERT INTO `User` VALUES ('User',1,'Fiona LEE',NULL,3,'fionalee',NULL,NULL),('User',2,'Benjamin GAN Kok Siew',NULL,4,'benjamingan',NULL,NULL),('TA',3,'SEBASTIAN Kiran Joy',NULL,2,'kjsebastian.2011',1,NULL),('Student',4,'Suresh SUBRAMANIAM','83229791',0,'suresh.s.2010',1,1),('Student',5,'Abhilash MURTHY',NULL,0,'abhilashm.2010',1,1),('Student',6,'Tarlochan Singh GILL S/O P S',NULL,0,'tsgill.ps.2010',1,1),('Student',7,'Prakhar AGARWAL',NULL,0,'prakhara.2010',1,1),('Student',8,'DAI Xuling',NULL,0,'xuling.dai.2010',1,1),('Faculty',9,'Richard C. DAVIS',NULL,1,'rcdavis',1,NULL),('Faculty',10,'Youngsoo KIM',NULL,1,'yskim',1,NULL),('Faculty',11,'CHEOK Lai-Tee',NULL,1,'laiteecheok',1,NULL),('Student',12,'Henry TANG Ji Rui',NULL,0,'henry.tang.2013',1,2),('Student',13,'Ian Clarence CHAN',NULL,0,'ian.chan.2011',1,2),('Student',14,'Jeremy ZHONG Jiahao',NULL,0,'jeremyzhong.2011',1,2),('Student',15,'LEE Xiang Rui',NULL,0,'xrlee.2011',1,2),('Student',16,'Vivian LAI Wan Yin',NULL,0,'vivian.lai.2011',1,2),('Student',17,'Alvin SOH Wei Sheng',NULL,0,'alvin.soh.2011',1,2),('Faculty',18,'Benjamin GAN Kok Siew',NULL,1,'benjamingan',1,NULL),('Student',19,'Muhammad Faizal SUKIM',NULL,0,'mfaizal.s.2010',1,3),('Student',20,'HONG Huimin',NULL,0,'huimin.hong.2011',1,3),('Student',21,'LEI Shaorui',NULL,0,'shaorui.lei.2011',1,3),('Student',22,'LI Zhuoran',NULL,0,'zhuoran.li.2011',1,3),('Student',23,'PENG Jian Zhang',NULL,0,'jz.peng.2011',1,3),('Faculty',24,'Chris BOESCH',NULL,1,'cboesch',1,NULL),('Student',25,'NING Yuting',NULL,0,'yt.ning.2011',1,4),('Student',26,'LI Duo',NULL,0,'duo.li.2011',1,4),('Student',27,'HARYONO',NULL,0,'haryono.2011',1,4),('Student',28,'FU Yu',NULL,0,'yufu.2011',1,4),('Student',29,'WANG Can',NULL,0,'canwang.2011',1,4),('Student',30,'SUN Fangzhou',NULL,0,'fzsun.2011',1,5),('Student',31,'YANG Lu',NULL,0,'lu.yang.2011',1,5),('Student',32,'HE Wenxuan',NULL,0,'wenxuan.he.2011',1,5),('Student',33,'ZHANG Jifei',NULL,0,'jifei.zhang.2010',1,5),('Student',34,'LIANG Tao',NULL,0,'tao.liang.2011',1,5),('Student',35,'GAO Miao',NULL,0,'miao.gao.2010',1,5),('Student',36,'PEREIRA Joel Bernardo Bosco',NULL,0,'joelbb.p.2010',1,6),('Student',37,'ANG Bi Xia',NULL,0,'bixia.ang.2010',1,6),('Student',38,'TAN Yi Ying',NULL,0,'yiying.tan.2010',1,6),('Student',39,'YEO Suan Sen',NULL,0,'suansen.yeo.2010',1,6),('Student',40,'Indra Adam DARMAWAN',NULL,0,'iadarmawan.2010',1,6),('Student',41,'Lynette SEAH Pei Jie',NULL,0,'lynetteseah.2010',1,6),('Student',42,'Jane LEE Xue li',NULL,0,'jane.lee.2011',1,7),('Student',43,'Shena ONG Wei Ting',NULL,0,'shena.ong.2011',1,7),('Student',44,'Edmund GAIR Jun Jie',NULL,0,'edmund.gair.2010',1,7),('Student',45,'LOH Kai Cong',NULL,0,'kaicong.loh.2011',1,7),('Student',46,'TAN Yan Jun',NULL,0,'yanjun.tan.2011',1,7),('Student',47,'SIM Wei Yang',NULL,0,'weiyang.sim.2011',1,8),('Student',48,'CHIA Sheng Yang',NULL,0,'sy.chia.2011',1,8),('Student',49,'KOH Jun Kiat',NULL,0,'junkiat.koh.2011',1,8),('Student',50,'Billy LAM Wai Loon',NULL,0,'billy.lam.2011',1,8),('Student',51,'Rosanne CHOO Sweet Cin',NULL,0,'rosannechoo.2011',1,8),('Student',52,'WEE Wei Jian',NULL,0,'wjwee.2011',1,8),('Student',53,'Geraldine KOON Yuhua',NULL,0,'yh.koon.2010',1,9),('Student',54,'ZHU Juntao',NULL,0,'juntao.zhu.2010',1,9),('Student',55,'TAN Yao Guang',NULL,0,'yg.tan.2010',1,9),('Student',56,'James LIM Xing Yan',NULL,0,'james.lim.2010',1,9),('Student',57,'Kevin NG Ying Yi',NULL,0,'kevin.ng.2010',1,9),('Student',58,'Jonathan HO Jian Wei',NULL,0,'jonathan.ho.2010',1,9),('Student',59,'Jolie LEE Jia Ling',NULL,0,'jolie.lee.2010',1,10),('Student',60,'Radeya PARVEEN',NULL,0,'radeyap.2010',1,10),('Student',61,'Rosalind NG Hsiu Zhen',NULL,0,'rosalind.ng.2010',1,10),('Student',62,'Siti Zulaiha BTE KAMARUDIN',NULL,0,'sitiz.k.2010',1,10),('Student',63,'Lionel KOH Wee Heng',NULL,0,'lionel.koh.2010',1,10),('Student',64,'SONG Xinyi',NULL,0,'xinyi.song.2010',1,10),('TA',65,'Justin LIM Ding Yang',NULL,2,'justin.lim.2010',2,NULL),('TA',66,'Michelle LEONG Kai Xin',NULL,2,'kxleong.2010',2,NULL),('Faculty',67,'Alan MEGARGEL',NULL,1,'alanmegargel',2,NULL),('Faculty',68,'Benjamin GAN Kok Siew',NULL,1,'benjamingan',2,NULL),('Faculty',69,'Chris BOESCH',NULL,1,'cboesch',2,NULL),('Faculty',70,'David LO',NULL,1,'davidlo',2,NULL),('Faculty',71,'JIANG Lingxiao',NULL,1,'lxjiang',2,NULL),('Faculty',72,'Seema CHOKSHI',NULL,1,'seemac',2,NULL),('Student',73,'HOE Bing Huan',NULL,0,'bh.hoe.2011',2,11),('Student',74,'Zoey TEO Kai Ying',NULL,0,'zoey.teo.2011',2,11),('Student',75,'CHEE Mei Hui',NULL,0,'meihui.chee.2011',2,11),('Student',76,'POOI Ching Png',NULL,0,'cp.pooi.2011',2,11),('Student',77,'El-malique Bin Md GHAZALI',NULL,0,'elmaliqueg.2011',2,11),('Student',78,'WANG Hao Bo',NULL,0,'haobo.wang.2011',2,12),('Student',79,'Clarissa GOH Shu Yi',NULL,0,'clarissagoh.2011',2,12),('Student',80,'CHENG Kam Him',NULL,0,'khcheng.2011',2,12),('Student',81,'Paige Isabela Quiambao LIM',NULL,0,'paige.lim.2011',2,12),('Student',82,'Muhammad Mustaqim Bin FADILLAH',NULL,0,'muhammadmf.2011',2,12),('Student',83,'NG Wah Chun',NULL,0,'wahchun.ng.2011',2,13),('Student',84,'Glen WONG Kee Siang',NULL,0,'glen.wong.2011',2,13),('Student',85,'Mohamed Yousof Bin SHAMSUL HAMEED',NULL,0,'mohamedsh.2011',2,13),('Student',86,'Fariq Bin SAID',NULL,0,'fariq.said.2011',2,13),('Student',87,'Shanaaz Do Musthafa MUSTHAFA KAMAL',NULL,0,'shanaazmk.2011',2,13),('Student',88,'KEE Eng Sen',NULL,0,'engsen.kee.2011',2,13),('Student',89,'Lynnette LIM Wen Zheng',NULL,0,'lynnettelim.2011',2,14),('Student',90,'ONG Sen Chian',NULL,0,'scong.2011',2,14),('Student',91,'SIAH Wei Qiang',NULL,0,'wq.siah.2011',2,14),('Student',92,'WU Jinglong',NULL,0,'jinglong.wu.2011',2,14),('Student',93,'FENG Kai',NULL,0,'kaifeng.2011',2,14),('Student',94,'LIM Li Long',NULL,0,'lilong.lim.2011',2,15),('Student',95,'Kimberly LEK Hui Lin',NULL,0,'kimberlylek.2011',2,15),('Student',96,'TAY Zhi Yue',NULL,0,'zhiyue.tay.2011',2,15),('Student',97,'NGOO Jing Yong',NULL,0,'jy.ngoo.2011',2,15),('Student',98,'LIM Zui Young',NULL,0,'zylim.2011',2,15),('Student',99,'Virya PARAMITA',NULL,0,'viryap.2011',2,16),('Student',100,'Gabriel BONG Zhi Siong',NULL,0,'gabrielbong.2011',2,16),('Student',101,'Simon ANG Hock Leng',NULL,0,'simon.ang.2011',2,16),('Student',102,'Jerrold WEE Jia Wei',NULL,0,'jerrold.wee.2011',2,16),('Student',103,'NGUYEN Tuan Viet',NULL,0,'tv.nguyen.2011',2,16),('Student',104,'Melvrick GOH Aik Chun',NULL,0,'melvrickgoh.2011',2,17),('Student',105,'CHAN Yong Guang',NULL,0,'ygchan.2011',2,17),('Student',106,'CHAN Yeong Yuan @zeng Deyuan',NULL,0,'yy.chan.2011',2,17),('Student',107,'SEAH Siu Ngee',NULL,0,'snseah.2011',2,17),('Student',108,'LAW Sheng Xun',NULL,0,'sxlaw.2011',2,17),('Student',109,'LEE Quee Leong',NULL,0,'qllee.2011',2,17),('Student',110,'Geoffrey GOH Koon Hui',NULL,0,'geoffreygoh.2011',2,18),('Student',111,'Sean CHUA Kian Shun',NULL,0,'sean.chua.2011',2,18),('Student',112,'TEO Jie Ting',NULL,0,'jieting.teo.2011',2,18),('Student',113,'Nicholas LEE Desheng',NULL,0,'nicholaslee.2011',2,18),('Student',114,'CHUA Bing Huan',NULL,0,'bh.chua.2011',2,18),('Student',115,'YEO Zhen Zhi',NULL,0,'zhenzhi.yeo.2011',2,19),('Student',116,'TEO Siok Ping',NULL,0,'spteo.2011',2,19),('Student',117,'JIANG Huiwen',NULL,0,'huiwenjiang.2011',2,19),('Student',118,'YE Qian',NULL,0,'qian.ye.2011',2,19),('Student',119,'Michael CHEONG Ee Chien',NULL,0,'ec.cheong.2011',2,19),('Student',120,'TOH Willie',NULL,0,'willie.toh.2011',2,19),('Student',121,'LAI Weizheng',NULL,0,'weizhenglai.2011',2,20),('Student',122,'Robyn CHENG King',NULL,0,'robyn.cheng.2011',2,20),('Student',123,'LIM Jing Yi',NULL,0,'jingyi.lim.2011',2,20),('Student',124,'KOH Han Hui',NULL,0,'hanhui.koh.2011',2,20),('Student',125,'Chelsea TOH Miaoxing',NULL,0,'chelsea.toh.2011',2,20),('Student',126,'Fiona WOO Yu Mei',NULL,0,'fiona.woo.2011',2,21),('Student',127,'TAN Mei Zhen',NULL,0,'meizhen.tan.2011',2,21),('Student',128,'LIM Ken Khoon',NULL,0,'kenkhoonlim.2011',2,21),('Student',129,'Darryl LEONG Jun Hun',NULL,0,'darrylleong.2011',2,21),('Student',130,'LEE Yi Xian',NULL,0,'yixian.lee.2011',2,21),('Student',131,'TAN Yun Xi',NULL,0,'yunxi.tan.2011',2,21),('Student',132,'Jeremy LIM Jie Ming',NULL,0,'jeremylim.2011',2,22),('Student',133,'CHAN Chun Fatt',NULL,0,'cfchan.2011',2,22),('Student',134,'Leonard ONG Guang Shan',NULL,0,'leonard.ong.2011',2,22),('Student',135,'LEE Wen Jie',NULL,0,'wjlee.2011',2,22),('Student',136,'TAN Shu Han',NULL,0,'shuhan.tan.2011',2,22),('Student',137,'CHUAH Li Xian',NULL,0,'lx.chuah.2011',2,22),('Student',138,'Edward Young TANOJO',NULL,0,'eytanojo.2011',2,23),('Student',139,'Alfred Kusuma KUSTEDJO',NULL,0,'akkustedjo.2011',2,23),('Student',140,'Antony SALIM',NULL,0,'antonysalim.2011',2,23),('Student',141,'CHEN Xi',NULL,0,'xi.chen.2011',2,23),('Student',142,'Dewi ZANA',NULL,0,'dewi.zana.2011',2,23),('Student',143,'ANG Hui Qi',NULL,0,'huiqi.ang.2011',2,24),('Student',144,'ZHANG Zhongyun',NULL,0,'zhang.zy.2011',2,24),('Student',145,'JIA Qilin',NULL,0,'qilinjia.2011',2,24),('Student',146,'TAN Xin Lin',NULL,0,'xinlin.tan.2011',2,24),('Student',147,'Nicholas TAN Eng Howe',NULL,0,'ehtan.2011',2,24),('Student',148,'Rachel QUAH Shu Ting',NULL,0,'rachel.quah.2011',2,25),('Student',149,'Benjos Antony THAREPARAMBIL JOSEPH',NULL,0,'btjoseph.2011',2,25),('Student',150,'CHAN Keng Theng',NULL,0,'ktchan.2011',2,25),('Student',151,'FOO Qian Bi',NULL,0,'qianbi.foo.2011',2,25),('Student',152,'Kean KWOK Jin',NULL,0,'kean.kwok.2011',2,25),('Student',153,'William CHUNG Wui Lun',NULL,0,'wl.chung.2011',2,26),('Student',154,'Jen LOW Ren Jie',NULL,0,'jen.low.2011',2,26),('Student',155,'LIM Quan Heng',NULL,0,'quanhenglim.2011',2,26),('Student',156,'Benjamin TAN Kei Rong',NULL,0,'kr.tan.2011',2,26),('Student',157,'Pearlyn NEO Hui Min',NULL,0,'pearlyn.neo.2010',2,26),('Student',158,'Priscilla Ruth LIEM',NULL,0,'ruth.liem.2011',2,27),('Student',159,'Rachel WANG Yee Lin',NULL,0,'rachel.wang.2011',2,27),('Student',160,'Lydia NUGROHO',NULL,0,'lnugroho.2011',2,27),('Student',161,'Muhammad Shahrain Bin SARDON',NULL,0,'m.shahrain.2011',2,27),('Student',162,'TAN Meng Yew',NULL,0,'mytan.2011',2,27),('Student',163,'SEBASTIAN Kiran Joy',NULL,0,'kjsebastian.2011',2,28),('Student',164,'LOW Wen Guang',NULL,0,'wenguanglow.2011',2,28),('Student',165,'Noelle TAN Rui Jia',NULL,0,'noelle.tan.2011',2,28),('Student',166,'Victor LEE Hong Zhi',NULL,0,'victor.lee.2011',2,28),('Student',167,'BIE Ya Qing',NULL,0,'yaqing.bie.2011',2,28),('Student',168,'TAN Guo Hao',NULL,0,'guohao.tan.2011',2,28),('Student',169,'CHUA Pei Shan',NULL,0,'pschua.2011',2,29),('Student',170,'NG Zhenyuan',NULL,0,'zhenyuan.ng.2011',2,29),('Student',171,'Shemin ANG Qiao Ni',NULL,0,'shemin.ang.2011',2,29),('Student',172,'Gwendolin TAN Tiong Hui',NULL,0,'th.tan.2011',2,29),('Student',173,'LIM Xin Yi',NULL,0,'xinyi.lim.2011',2,29),('Student',174,'Yvonne PHUI Rui Qi',NULL,0,'yvonne.phui.2011',2,30),('Student',175,'ONG Yi Ling',NULL,0,'yiling.ong.2011',2,30),('Student',176,'TAN Chit Sian',NULL,0,'cs.tan.2011',2,30),('Student',177,'Kelvin WONG Wei Hong',NULL,0,'kelvin.wong.2011',2,30),('Student',178,'Rayner KOH Yok How',NULL,0,'rayner.koh.2011',2,30),('Student',179,'SEAH Jun Zhi',NULL,0,'junzhi.seah.2011',2,30),('Student',180,'Leslie LEOW Jun Qiang',NULL,0,'leslie.leow.2011',2,31),('Student',181,'WANG Fenglin',NULL,0,'flwang.2011',2,31),('Student',182,'GOH Chin Hong',NULL,0,'chgoh.2011',2,31),('Student',183,'Wyner LIM Wei Han',NULL,0,'wyner.lim.2011',2,31),('Student',184,'SHIH Fu Hua',NULL,0,'fuhua.shih.2011',2,31),('Student',185,'Agurz Gary LEONG Kwok Wai',NULL,0,'agurz.leong.2011',2,32),('Student',186,'Denise WONG Kar Lin',NULL,0,'denise.wong.2011',2,32),('Student',187,'Nicholas LI Jiacheng',NULL,0,'nicholas.li.2011',2,32),('Student',188,'LOH Yi Song',NULL,0,'yisong.loh.2011',2,32),('Student',189,'Eleazar LIM Wei Ji',NULL,0,'eleazar.lim.2011',2,32),('Student',190,'Janan TAN',NULL,0,'janan.tan.2011',2,32),('Student',191,'TRAN Pham Viet Thao',NULL,0,'pvttran.2011',2,33),('Student',192,'Miguel Nicholas Zamora RIINGEN',NULL,0,'mriingen.2011',2,33),('Student',193,'EDRIC',NULL,0,'edric.2011',2,33),('Student',194,'NAGUIAT Beatriz Camille Abijay',NULL,0,'bnaguiat.2011',2,33),('Student',195,'LE Hung',NULL,0,'hungle.2011',2,33),('Student',196,'Jerrell CHE Shao Xian',NULL,0,'jerrell.che.2010',2,34),('Student',197,'Sherman TAN Thuan Leng',NULL,0,'sherman.tan.2010',2,34),('Student',198,'Gladys LIM Zhen Rong',NULL,0,'gladys.lim.2010',2,34),('Student',199,'TAY Geok Lin',NULL,0,'geoklin.tay.2011',2,34),('Student',200,'Rachel TAN Pei Ying',NULL,0,'racheltan.2011',2,34),('Student',201,'LE Hoang Trinh',NULL,0,'htle.2011',2,35),('Student',202,'KUEK Xiu Hao',NULL,0,'xiuhao.kuek.2011',2,35),('Student',203,'NGUYEN Khac Thien Vu',NULL,0,'ktv.nguyen.2011',2,35),('Student',204,'PHUNG Minh Thu',NULL,0,'mtphung.2011',2,35),('Student',205,'TAY Hui Shia',NULL,0,'huishia.tay.2011',2,36),('Student',206,'Tommy SOH Jun Kui',NULL,0,'tommy.soh.2011',2,36),('Student',207,'TAN Jun Liang',NULL,0,'jl.tan.2010',2,36),('Student',208,'Hector SIM Yiu Shin','98374793',0,'hector.sim.2011',2,36),('Student',209,'TAN Wei Chong',NULL,0,'wctan.2011',2,36),('Student',210,'Anthony Marlius HOLLEN',NULL,0,'amhollen.2011',2,36),('Student',211,'HE Wenxuan',NULL,0,'wenxuan.he.2011',2,37),('Student',212,'SUN Fangzhou',NULL,0,'fzsun.2011',2,37),('Student',213,'LIU Zeyao',NULL,0,'zeyaoliu.2011',2,37),('Student',214,'ZHANG Jifei',NULL,0,'jifei.zhang.2010',2,37),('Student',215,'XIA Xin',NULL,0,'xinxia.2009',2,38),('Student',216,'YANG Lu',NULL,0,'lu.yang.2011',2,38),('Student',217,'WANG Yange',NULL,0,'yangewang.2011',2,38),('Student',218,'WANG Yidong',NULL,0,'yidongwang.2011',2,38),('Student',219,'LIANG Tao',NULL,0,'tao.liang.2011',2,38),('Student',220,'Alexander GOH Mingliang',NULL,0,'mlgoh.2009',2,39),('Student',221,'YUPA Nyein Htoon',NULL,0,'nhyupa.2010',2,39),('Student',222,'George NG Xuan Long',NULL,0,'george.ng.2010',2,39),('Student',223,'Samuel PHUA Wee Kiat',NULL,0,'samuel.phua.2011',2,39),('Student',224,'Bryan NEO Han Sheng',NULL,0,'bryan.neo.2011',2,40),('Student',225,'Aye Aye SOE',NULL,0,'ayeayesoe.2011',2,40),('Student',226,'YEO Jun Kiat',NULL,0,'junkiat.yeo.2011',2,40),('Student',227,'WANG Rui',NULL,0,'rui.wang.2011',2,40),('Student',228,'CHAN Wei Yin',NULL,0,'weiyin.chan.2011',2,41),('Student',229,'CAO Fangzhou',NULL,0,'fzcao.2011',2,41),('Student',230,'MENG Xiangda',NULL,0,'xiangdameng.2011',2,41),('Student',231,'WU Feiyu',NULL,0,'feiyuwu.2011',2,41),('Student',232,'Henry TANG Ji Rui',NULL,0,'henry.tang.2013',3,42),('Student',233,'Ian Clarence CHAN',NULL,0,'ian.chan.2011',3,42),('Student',234,'Jeremy ZHONG Jiahao',NULL,0,'jeremyzhong.2011',3,42),('Student',235,'LEE Xiang Rui',NULL,0,'xrlee.2011',3,42),('Student',236,'Vivian LAI Wan Yin',NULL,0,'vivian.lai.2011',3,42),('Student',237,'Alvin SOH Wei Sheng',NULL,0,'alvin.soh.2011',3,42),('Student',238,'NING Yuting',NULL,0,'yt.ning.2011',3,43),('Student',239,'LI Duo',NULL,0,'duo.li.2011',3,43),('Student',240,'HARYONO',NULL,0,'haryono.2011',3,43),('Student',241,'FU Yu',NULL,0,'yufu.2011',3,43),('Student',242,'WANG Can',NULL,0,'canwang.2011',3,43),('Student',243,'PEREIRA Joel Bernardo Bosco',NULL,0,'joelbb.p.2010',3,44),('Student',244,'ANG Bi Xia',NULL,0,'bixia.ang.2010',3,44),('Student',245,'TAN Yi Ying',NULL,0,'yiying.tan.2010',3,44),('Student',246,'YEO Suan Sen',NULL,0,'suansen.yeo.2010',3,44),('Student',247,'Indra Adam DARMAWAN',NULL,0,'iadarmawan.2010',3,44),('Student',248,'Lynette SEAH Pei Jie',NULL,0,'lynetteseah.2010',3,44),('Student',249,'Clinston TAN Wei Jie',NULL,0,'wj.tan.2010',3,45),('Student',250,'XU Mengxiang',NULL,0,'mx.xu.2010',3,45),('Student',251,'LIU Dongyu',NULL,0,'dongyuliu.2010',3,45),('Student',252,'Kenneth WONG Jun Jie',NULL,0,'jj.wong.2010',3,45),('Student',253,'CHEN Weizhe',NULL,0,'weizhe.chen.2010',3,45),('Student',254,'NGUYEN Thu Hang',NULL,0,'thnguyen.2011',3,46),('Student',255,'Janice KOH Rui Ling',NULL,0,'janice.koh.2011',3,46),('Student',256,'Amanda TAN Li Hui',NULL,0,'lhtan.2011',3,46),('Student',257,'TAN Siong Min',NULL,0,'smtan.2011',3,46),('Student',258,'Freda TAN Yi Cui',NULL,0,'freda.tan.2011',3,46),('Student',259,'ZHANG Qingmin',NULL,0,'qm.zhang.2010',3,47),('Student',260,'LIU Shuyi',NULL,0,'shuyi.liu.2011',3,47),('Student',261,'Kingston CHAN King Won',NULL,0,'kwchan.2010',3,47),('Student',262,'TAN Kai Lin',NULL,0,'kailin.tan.2010',3,47),('Student',263,'YAP Qian Hui',NULL,0,'qianhui.yap.2010',3,47),('Student',264,'HEE Yan Ni',NULL,0,'yanni.hee.2010',3,47),('Student',265,'Jane LEE Xue li',NULL,0,'jane.lee.2011',3,48),('Student',266,'Shena ONG Wei Ting',NULL,0,'shena.ong.2011',3,48),('Student',267,'Edmund GAIR Jun Jie',NULL,0,'edmund.gair.2010',3,48),('Student',268,'LOH Kai Cong',NULL,0,'kaicong.loh.2011',3,48),('Student',269,'TAN Yan Jun',NULL,0,'yanjun.tan.2011',3,48),('Student',270,'SIM Wei Yang',NULL,0,'weiyang.sim.2011',3,49),('Student',271,'CHIA Sheng Yang',NULL,0,'sy.chia.2011',3,49),('Student',272,'KOH Jun Kiat',NULL,0,'junkiat.koh.2011',3,49),('Student',273,'Billy LAM Wai Loon',NULL,0,'billy.lam.2011',3,49),('Student',274,'Rosanne CHOO Sweet Cin',NULL,0,'rosannechoo.2011',3,49),('Student',275,'WEE Wei Jian',NULL,0,'wjwee.2011',3,49),('Student',276,'LEE Yao Zong',NULL,0,'yaozong.lee.2010',3,50),('Student',277,'Alicia POH Gek Ping',NULL,0,'alicia.poh.2010',3,50),('Student',278,'HO Si Min',NULL,0,'simin.ho.2010',3,50),('Student',279,'Justin LIM Ding Yang',NULL,0,'justin.lim.2010',3,50),('Student',280,'Kenneth CHAI Kang Rui',NULL,0,'kennethchai.2010',3,50),('Student',281,'SIM Li Chien',NULL,0,'lichien.sim.2010',3,50),('Student',282,'Karen TAY Li Ying',NULL,0,'karen.tay.2010',3,51),('Student',283,'CHEW Hui Ying',NULL,0,'hychew.2010',3,51),('Student',284,'Esther YEE Yi Hui',NULL,0,'esther.yee.2010',3,51),('Student',285,'Andrew LEONG Zhan Yuan',NULL,0,'andrewleong.2010',3,51),('Student',286,'OW Wei Xiang',NULL,0,'weixiang.ow.2010',3,51),('Student',287,'CHAN Yi Jie',NULL,0,'yijie.chan.2009',3,52),('Student',288,'Raymond ONG Hong Rui',NULL,0,'raymond.ong.2009',3,52),('Student',289,'Bryan TAN Wei Xiong',NULL,0,'bryan.tan.2009',3,52),('Student',290,'Jonathan LIM Jek Sheng',NULL,0,'jonathanlim.2009',3,52),('Student',291,'GOH Wei Jie',NULL,0,'weijie.goh.2011',3,52),('Student',292,'Muhammad Faizal SUKIM',NULL,0,'mfaizal.s.2010',3,53),('Student',293,'HONG Huimin',NULL,0,'huimin.hong.2011',3,53),('Student',294,'LEI Shaorui',NULL,0,'shaorui.lei.2011',3,53),('Student',295,'LI Zhuoran',NULL,0,'zhuoran.li.2011',3,53),('Student',296,'PENG Jian Zhang',NULL,0,'jz.peng.2011',3,53),('Student',297,'Geraldine KOON Yuhua',NULL,0,'yh.koon.2010',3,54),('Student',298,'ZHU Juntao',NULL,0,'juntao.zhu.2010',3,54),('Student',299,'TAN Yao Guang',NULL,0,'yg.tan.2010',3,54),('Student',300,'James LIM Xing Yan',NULL,0,'james.lim.2010',3,54),('Student',301,'Kevin NG Ying Yi',NULL,0,'kevin.ng.2010',3,54),('Student',302,'Jonathan HO Jian Wei',NULL,0,'jonathan.ho.2010',3,54),('Student',303,'Roohiya DUDEKULA',NULL,0,'roohiyad.2010',3,55),('Student',304,'Priya PATHAK',NULL,0,'priyapathak.2010',3,55),('Student',305,'Saraniya DO ELENGOVAN',NULL,0,'saraniyae.2010',3,55),('Student',306,'Nur Hazirah Binte Zainal ABIDIN',NULL,0,'nhazirahbza.2010',3,55),('Student',307,'Saloni RAWAT',NULL,0,'salonir.2010',3,55),('Student',308,'Akash GURUNG',NULL,0,'akashg.2009',3,55),('Student',309,'DAI Xuling',NULL,0,'xuling.dai.2010',3,56),('Student',310,'Abhilash MURTHY',NULL,0,'abhilashm.2010',3,56),('Student',311,'Tarlochan Singh GILL S/O P S',NULL,0,'tsgill.ps.2010',3,56),('Student',312,'Prakhar AGARWAL',NULL,0,'prakhara.2010',3,56),('Student',313,'Suresh SUBRAMANIAM',NULL,0,'suresh.s.2010',3,56),('Student',314,'Fransisca Fortunata',NULL,0,'ffortunata.2011',3,57),('Student',315,'LIM Xian Ming',NULL,0,'xmlim.2011',3,57),('Student',316,'LIN Bin',NULL,0,'bin.lin.2011',3,57),('Student',317,'WANG Zunhua',NULL,0,'zunhua.wang.2011',3,57),('Student',318,'ZHANG Fan',NULL,0,'fanzhang.2011',3,57),('Student',319,'ZHAO Yao',NULL,0,'yaozhao.2011',3,57),('Student',320,'Jolie LEE Jia Ling',NULL,0,'jolie.lee.2010',3,58),('Student',321,'Radeya PARVEEN',NULL,0,'radeyap.2010',3,58),('Student',322,'Rosalind NG Hsiu Zhen',NULL,0,'rosalind.ng.2010',3,58),('Student',323,'Siti Zulaiha BTE KAMARUDIN',NULL,0,'sitiz.k.2010',3,58),('Student',324,'Lionel KOH Wee Heng',NULL,0,'lionel.koh.2010',3,58),('Student',325,'SONG Xinyi',NULL,0,'xinyi.song.2010',3,58),('Student',326,'YEO Du Li',NULL,0,'duli.yeo.2011',3,59),('Student',327,'LOO Ting Yu',NULL,0,'tingyu.loo.2011',3,59),('Student',328,'LOO Shi Min',NULL,0,'shimin.loo.2011',3,59),('Student',329,'Jerene WONG Pei Ling',NULL,0,'jerene.wong.2011',3,59),('Student',330,'Cheryl LEE',NULL,0,'cheryllee.2011',3,59),('Student',331,'LIM Dingjun',NULL,0,'dingjun.lim.2011',3,59),('Student',332,'CAI Yanru',NULL,0,'yanru.cai.2010',3,60),('Student',333,'Kenneth CHNG Soon Hau',NULL,0,'kennethchng.2010',3,60),('Student',334,'Alayne PANG Hui Xian',NULL,0,'alayne.pang.2010',3,60),('Student',335,'CHAN Suk Lum',NULL,0,'suklum.chan.2010',3,60),('Student',336,'Edwin LIM Sheng Xian',NULL,0,'edwin.lim.2010',3,60),('Student',337,'Jonathan TAY Jiun Yang',NULL,0,'jy.tay.2010',3,60),('Faculty',338,'Benjamin GAN Kok Siew',NULL,1,'benjamingan',3,NULL),('Faculty',339,'CHEOK Lai-Tee',NULL,1,'laiteecheok',3,NULL),('Faculty',340,'Richard C. DAVIS',NULL,1,'rcdavis',3,NULL),('Faculty',341,'Youngsoo KIM',NULL,1,'yskim',3,NULL),('Faculty',342,'Chris BOESCH',NULL,1,'cboesch',3,NULL),('TA',343,'SEBASTIAN Kiran Joy',NULL,2,'kjsebastian.2011',3,NULL),('TA',344,'Michelle LEONG Kai Xin',NULL,2,'kxleong.2010',3,NULL),('TA',345,'Agurz Gary LEONG Kwok Wai',NULL,2,'agurz.leong.2011',3,NULL),('TA',346,'Chloe CHIANG Foon Hui',NULL,2,'chloechiang.2011',2,NULL),('TA',347,'Danial Asri KOH',NULL,2,'danial.koh.2011',2,NULL),('TA',348,'Aretha CHANG Shu Hui',NULL,2,'arethachang.2011',2,NULL),('TA',349,'SEBASTIAN Kiran Joy',NULL,2,'kjsebastian.2011',2,NULL),('TA',350,'Agurz Gary LEONG Kwok Wai',NULL,2,'agurz.leong.2011',2,NULL),('TA',351,'Chloe CHIANG Foon Hui',NULL,2,'chloechiang.2011',3,NULL),('TA',352,'Danial Asri KOH',NULL,2,'danial.koh.2011',3,NULL),('TA',353,'Aretha CHANG Shu Hui',NULL,2,'arethachang.2011',3,NULL),('TA',354,'Jimmy SOH Zhi Min',NULL,2,'jimmy.soh.2013',2,NULL),('TA',355,'Jimmy SOH Zhi Min',NULL,2,'jimmy.soh.2013',3,NULL);
/*!40000 ALTER TABLE `User` ENABLE KEYS */;
UNLOCK TABLES;
/*!40103 SET TIME_ZONE=@OLD_TIME_ZONE */;

/*!40101 SET SQL_MODE=@OLD_SQL_MODE */;
/*!40014 SET FOREIGN_KEY_CHECKS=@OLD_FOREIGN_KEY_CHECKS */;
/*!40014 SET UNIQUE_CHECKS=@OLD_UNIQUE_CHECKS */;
/*!40101 SET CHARACTER_SET_CLIENT=@OLD_CHARACTER_SET_CLIENT */;
/*!40101 SET CHARACTER_SET_RESULTS=@OLD_CHARACTER_SET_RESULTS */;
/*!40101 SET COLLATION_CONNECTION=@OLD_COLLATION_CONNECTION */;
/*!40111 SET SQL_NOTES=@OLD_SQL_NOTES */;

-- Dump completed on 2013-11-01  3:00:00

-- Changing rejectReason to comment
ALTER TABLE `Booking` CHANGE COLUMN `rejectReason` `comment` varchar(255);

-- Adding subscribers column
ALTER TABLE `Booking` ADD `subscribers` longblob;

-- Setting default value for subscribers column (empty hashset)
UPDATE `Booking` SET `subscribers`=0xaced0005737200116a6176612e7574696c2e48617368536574ba44859596b8b7340300007870770c000000103f4000000000000078;

-- Creating systemactivitylog table
DROP TABLE IF EXISTS `SystemActivityLog`;
/*!40101 SET @saved_cs_client     = @@character_set_client */;
/*!40101 SET character_set_client = utf8 */;
CREATE TABLE IF NOT EXISTS `SystemActivityLog` (
  `id` bigint(20) NOT NULL AUTO_INCREMENT,
  `activity` varchar(255) DEFAULT NULL,
  `message` varchar(255) DEFAULT NULL,
  `runTime` datetime DEFAULT NULL,
  `success` tinyint(1) NOT NULL,
  `user_id` bigint(20) DEFAULT NULL,
  PRIMARY KEY (`id`),
  KEY `FK_2r0jl7pto3a67xypgxracp28p` (`user_id`),
  CONSTRAINT `FK_2r0jl7pto3a67xypgxracp28p` FOREIGN KEY (`user_id`) REFERENCES `User` (`id`)
) ENGINE=InnoDB  DEFAULT CHARSET=latin1 AUTO_INCREMENT=3 ;

-- Adding presentationType column
ALTER TABLE `Team` ADD `presentationType` int(11) DEFAULT NULL;

-- Setting default presentation type for all teams
UPDATE `Team` SET `presentationType`=1;

-- Deleting booking subscribers table
DROP TABLE `booking_subscribers`;